invoice_id,month,customer_id,currency,amount_local
INV1001,2023-07,C0014,USD,150
INV1002,2023-07,C0023,USD,12000
INV1003,2023-07,C0094,GBP,360
INV1004,2023-08,C0014,USD,150
INV1005,2023-08,C0023,USD,13800
INV1006,2023-08,C0044,CAD,1200
INV1007,2023-08,C0061,USD,600
INV1008,2023-08,C0091,USD,750
INV1009,2023-08,C0094,GBP,360
INV1010,2023-09,C0014,USD,150
INV1011,2023-09,C0023,USD,13800
INV1012,2023-09,C0032,GBP,240
INV1013,2023-09,C0044,CAD,1200
INV1014,2023-09,C0061,USD,600
INV1015,2023-09,C0091,USD,2430
INV1016,2023-09,C0094,GBP,360
INV1017,2023-10,C0008,USD,3000
INV1018,2023-10,C0014,USD,150
INV1019,2023-10,C0023,USD,13800
INV1020,2023-10,C0032,GBP,330
INV1021,2023-10,C0044,CAD,1200
INV1022,2023-10,C0061,USD,600
INV1023,2023-10,C0091,USD,2160
INV1024,2023-10,C0094,GBP,360
INV1025,2023-10,C0099,USD,90
INV1026,2023-11,C0008,USD,3000
INV1027,2023-11,C0014,USD,150
INV1028,2023-11,C0023,USD,13800
INV1029,2023-11,C0030,GBP,150
INV1030,2023-11,C0032,GBP,330
INV1031,2023-11,C0044,CAD,1350
INV1032,2023-11,C0061,USD,600
INV1033,2023-11,C0075,GBP,36000
INV1034,2023-11,C0091,USD,2160
INV1035,2023-11,C0094,GBP,360
INV1036,2023-11,C0099,USD,90
INV1037,2023-12,C0005,USD,1800
INV1038,2023-12,C0008,USD,3000
INV1039,2023-12,C0011,USD,600
INV1040,2023-12,C0014,USD,210
INV1041,2023-12,C0023,USD,13800
INV1042,2023-12,C0030,GBP,150
INV1043,2023-12,C0032,GBP,330
INV1044,2023-12,C0037,CAD,1800
INV1045,2023-12,C0044,CAD,1350
INV1046,2023-12,C0061,USD,600
INV1047,2023-12,C0075,GBP,36000
INV1048,2023-12,C0091,USD,2160
INV1049,2023-12,C0094,GBP,360
INV1050,2023-12,C0099,USD,90
INV1051,2023-12,C0124,CAD,2250
INV1052,2023-12,C0135,EUR,300
INV1053,2024-01,C0005,USD,1800
INV1054,2024-01,C0008,USD,3000
INV1055,2024-01,C0011,USD,600
INV1056,2024-01,C0014,USD,210
INV1057,2024-01,C0022,USD,7200
INV1058,2024-01,C0023,USD,13800
INV1059,2024-01,C0030,GBP,150
INV1060,2024-01,C0032,GBP,330
INV1061,2024-01,C0037,CAD,1800
INV1062,2024-01,C0044,CAD,1350
INV1063,2024-01,C0049,EUR,5400
INV1064,2024-01,C0057,USD,1080
INV1065,2024-01,C0061,USD,600
INV1066,2024-01,C0068,USD,720
INV1067,2024-01,C0075,GBP,36000
INV1068,2024-01,C0091,USD,2160
INV1069,2024-01,C0094,GBP,360
INV1070,2024-01,C0099,USD,90
INV1071,2024-01,C0124,CAD,2250
INV1072,2024-01,C0135,EUR,270
INV1073,2024-02,C0005,USD,1800
INV1074,2024-02,C0008,USD,3000
INV1075,2024-02,C0011,USD,600
INV1076,2024-02,C0014,USD,210
INV1077,2024-02,C0022,USD,7200
INV1078,2024-02,C0023,USD,13800
INV1079,2024-02,C0024,USD,360
INV1080,2024-02,C0030,GBP,150
INV1081,2024-02,C0032,GBP,330
INV1082,2024-02,C0037,CAD,1800
INV1083,2024-02,C0044,CAD,1350
INV1084,2024-02,C0049,EUR,5400
INV1085,2024-02,C0057,USD,1080
INV1086,2024-02,C0061,USD,600
INV1087,2024-02,C0068,USD,450
INV1088,2024-02,C0075,GBP,36000
INV1089,2024-02,C0091,USD,2340
INV1090,2024-02,C0094,GBP,360
INV1091,2024-02,C0099,USD,90
INV1092,2024-02,C0103,EUR,1800
INV1093,2024-02,C0124,CAD,2250
INV1094,2024-02,C0135,EUR,270
INV1095,2024-03,C0005,USD,1800
INV1096,2024-03,C0008,USD,3000
INV1097,2024-03,C0011,USD,600
INV1098,2024-03,C0014,USD,210
INV1099,2024-03,C0022,USD,7200
INV1100,2024-03,C0023,USD,13800
INV1101,2024-03,C0024,USD,360
INV1102,2024-03,C0030,GBP,150
INV1103,2024-03,C0032,GBP,330
INV1104,2024-03,C0037,CAD,1800
INV1105,2024-03,C0044,CAD,1440
INV1106,2024-03,C0049,EUR,5400
INV1107,2024-03,C0057,USD,1080
INV1108,2024-03,C0061,USD,600
INV1109,2024-03,C0068,USD,450
INV1110,2024-03,C0075,GBP,39000
INV1111,2024-03,C0091,USD,2340
INV1112,2024-03,C0092,USD,300
INV1113,2024-03,C0094,GBP,360
INV1114,2024-03,C0099,USD,180
INV1115,2024-03,C0103,EUR,1800
INV1116,2024-03,C0124,CAD,2250
INV1117,2024-03,C0129,CAD,720
INV1118,2024-03,C0135,EUR,270
INV1119,2024-04,C0005,USD,1770
INV1120,2024-04,C0008,USD,9090
INV1121,2024-04,C0011,USD,600
INV1122,2024-04,C0014,USD,210
INV1123,2024-04,C0022,USD,7200
INV1124,2024-04,C0023,USD,13800
INV1125,2024-04,C0024,USD,360
INV1126,2024-04,C0030,GBP,90
INV1127,2024-04,C0032,GBP,330
INV1128,2024-04,C0037,CAD,1800
INV1129,2024-04,C0044,CAD,1440
INV1130,2024-04,C0049,EUR,5400
INV1131,2024-04,C0057,USD,990
INV1132,2024-04,C0060,USD,3600
INV1133,2024-04,C0061,USD,510
INV1134,2024-04,C0068,USD,450
INV1135,2024-04,C0073,GBP,2250
INV1136,2024-04,C0075,GBP,39000
INV1137,2024-04,C0091,USD,2340
INV1138,2024-04,C0092,USD,300
INV1139,2024-04,C0094,GBP,360
INV1140,2024-04,C0099,USD,180
INV1141,2024-04,C0103,EUR,1800
INV1142,2024-04,C0106,USD,750
INV1143,2024-04,C0111,USD,600
INV1144,2024-04,C0124,CAD,2250
INV1145,2024-04,C0129,CAD,720
INV1146,2024-04,C0135,EUR,270
INV1147,2024-04,C0149,USD,2880
INV1148,2024-05,C0001,CAD,3000
INV1149,2024-05,C0008,USD,9090
INV1150,2024-05,C0011,USD,600
INV1151,2024-05,C0014,USD,210
INV1152,2024-05,C0022,USD,7200
INV1153,2024-05,C0023,USD,12000
INV1154,2024-05,C0024,USD,360
INV1155,2024-05,C0025,GBP,1080
INV1156,2024-05,C0030,GBP,90
INV1157,2024-05,C0032,GBP,330
INV1158,2024-05,C0035,USD,24000
INV1159,2024-05,C0037,CAD,1800
INV1160,2024-05,C0038,GBP,2250
INV1161,2024-05,C0044,CAD,1440
INV1162,2024-05,C0048,EUR,450
INV1163,2024-05,C0049,EUR,5400
INV1164,2024-05,C0057,USD,990
INV1165,2024-05,C0060,USD,3600
INV1166,2024-05,C0061,USD,510
INV1167,2024-05,C0068,USD,450
INV1168,2024-05,C0073,GBP,2250
INV1169,2024-05,C0075,GBP,39000
INV1170,2024-05,C0089,GBP,360
INV1171,2024-05,C0091,USD,2340
INV1172,2024-05,C0092,USD,300
INV1173,2024-05,C0094,GBP,360
INV1174,2024-05,C0099,USD,150
INV1175,2024-05,C0103,EUR,1800
INV1176,2024-05,C0106,USD,750
INV1177,2024-05,C0111,USD,600
INV1178,2024-05,C0114,GBP,1800
INV1179,2024-05,C0124,CAD,2250
INV1180,2024-05,C0129,CAD,540
INV1181,2024-05,C0135,EUR,270
INV1182,2024-05,C0149,USD,2880
INV1183,2024-06,C0001,CAD,3000
INV1184,2024-06,C0008,USD,9090
INV1185,2024-06,C0011,USD,600
INV1186,2024-06,C0014,USD,120
INV1187,2024-06,C0022,USD,7200
INV1188,2024-06,C0023,USD,12000
INV1189,2024-06,C0024,USD,360
INV1190,2024-06,C0025,GBP,1080
INV1191,2024-06,C0030,GBP,90
INV1192,2024-06,C0035,USD,24000
INV1193,2024-06,C0037,CAD,1800
INV1194,2024-06,C0038,GBP,2250
INV1195,2024-06,C0044,CAD,1440
INV1196,2024-06,C0048,EUR,450
INV1197,2024-06,C0049,EUR,5310
INV1198,2024-06,C0057,USD,990
INV1199,2024-06,C0060,USD,3600
INV1200,2024-06,C0061,USD,510
INV1201,2024-06,C0068,USD,450
INV1202,2024-06,C0073,GBP,2250
INV1203,2024-06,C0081,GBP,720
INV1204,2024-06,C0089,GBP,360
INV1205,2024-06,C0091,USD,2340
INV1206,2024-06,C0092,USD,300
INV1207,2024-06,C0094,GBP,360
INV1208,2024-06,C0099,USD,150
INV1209,2024-06,C0103,EUR,1800
INV1210,2024-06,C0105,USD,3000
INV1211,2024-06,C0106,USD,780
INV1212,2024-06,C0109,USD,240
INV1213,2024-06,C0111,USD,660
INV1214,2024-06,C0113,EUR,1200
INV1215,2024-06,C0114,GBP,1800
INV1216,2024-06,C0124,CAD,2250
INV1217,2024-06,C0128,EUR,3600
INV1218,2024-06,C0129,CAD,540
INV1219,2024-06,C0135,EUR,270
INV1220,2024-06,C0146,EUR,3000
INV1221,2024-06,C0149,USD,2880
INV1222,2024-07,C0001,CAD,2400
INV1223,2024-07,C0002,CAD,900
INV1224,2024-07,C0008,USD,9090
INV1225,2024-07,C0009,USD,1800
INV1226,2024-07,C0011,USD,600
INV1227,2024-07,C0014,USD,120
INV1228,2024-07,C0022,USD,7200
INV1229,2024-07,C0023,USD,12000
INV1230,2024-07,C0024,USD,360
INV1231,2024-07,C0025,GBP,1080
INV1232,2024-07,C0030,GBP,90
INV1233,2024-07,C0035,USD,24000
INV1234,2024-07,C0037,CAD,1800
INV1235,2024-07,C0038,GBP,2250
INV1236,2024-07,C0044,CAD,1440
INV1237,2024-07,C0048,EUR,450
INV1238,2024-07,C0049,EUR,5310
INV1239,2024-07,C0053,EUR,1800
INV1240,2024-07,C0054,CAD,240
INV1241,2024-07,C0057,USD,990
INV1242,2024-07,C0060,USD,3600
INV1243,2024-07,C0061,USD,510
INV1244,2024-07,C0068,USD,270
INV1245,2024-07,C0073,GBP,2250
INV1246,2024-07,C0081,GBP,720
INV1247,2024-07,C0089,GBP,360
INV1248,2024-07,C0091,USD,2790
INV1249,2024-07,C0092,USD,300
INV1250,2024-07,C0094,GBP,360
INV1251,2024-07,C0099,USD,150
INV1252,2024-07,C0101,EUR,450
INV1253,2024-07,C0103,EUR,1800
INV1254,2024-07,C0105,USD,3000
INV1255,2024-07,C0106,USD,780
INV1256,2024-07,C0109,USD,240
INV1257,2024-07,C0111,USD,660
INV1258,2024-07,C0113,EUR,1200
INV1259,2024-07,C0114,GBP,1800
INV1260,2024-07,C0124,CAD,2250
INV1261,2024-07,C0128,EUR,3600
INV1262,2024-07,C0129,CAD,540
INV1263,2024-07,C0135,EUR,270
INV1264,2024-07,C0146,EUR,3000
INV1265,2024-07,C0149,USD,2880
INV1266,2024-08,C0001,CAD,2400
INV1267,2024-08,C0002,CAD,900
INV1268,2024-08,C0008,USD,9090
INV1269,2024-08,C0009,USD,1770
INV1270,2024-08,C0011,USD,600
INV1271,2024-08,C0014,USD,120
INV1272,2024-08,C0022,USD,7200
INV1273,2024-08,C0023,USD,10800
INV1274,2024-08,C0024,USD,360
INV1275,2024-08,C0025,GBP,1080
INV1276,2024-08,C0030,GBP,90
INV1277,2024-08,C0035,USD,24000
INV1278,2024-08,C0037,CAD,1800
INV1279,2024-08,C0038,GBP,2250
INV1280,2024-08,C0044,CAD,1440
INV1281,2024-08,C0048,EUR,450
INV1282,2024-08,C0049,EUR,5310
INV1283,2024-08,C0053,EUR,1800
INV1284,2024-08,C0054,CAD,240
INV1285,2024-08,C0057,USD,990
INV1286,2024-08,C0060,USD,3600
INV1287,2024-08,C0068,USD,270
INV1288,2024-08,C0073,GBP,2250
INV1289,2024-08,C0081,GBP,720
INV1290,2024-08,C0082,GBP,6000
INV1291,2024-08,C0089,GBP,360
INV1292,2024-08,C0091,USD,2790
INV1293,2024-08,C0092,USD,450
INV1294,2024-08,C0094,GBP,360
INV1295,2024-08,C0098,EUR,3000
INV1296,2024-08,C0099,USD,150
INV1297,2024-08,C0101,EUR,450
INV1298,2024-08,C0103,EUR,1710
INV1299,2024-08,C0105,USD,3000
INV1300,2024-08,C0106,USD,780
INV1301,2024-08,C0109,USD,240
INV1302,2024-08,C0111,USD,660
INV1303,2024-08,C0113,EUR,1290
INV1304,2024-08,C0114,GBP,1800
INV1305,2024-08,C0124,CAD,2250
INV1306,2024-08,C0128,EUR,3600
INV1307,2024-08,C0135,EUR,270
INV1308,2024-08,C0139,GBP,240
INV1309,2024-08,C0146,EUR,3000
INV1310,2024-08,C0149,USD,2880
INV1311,2024-09,C0001,CAD,2400
INV1312,2024-09,C0002,CAD,900
INV1313,2024-09,C0008,USD,9090
INV1314,2024-09,C0009,USD,1770
INV1315,2024-09,C0011,USD,600
INV1316,2024-09,C0014,USD,120
INV1317,2024-09,C0022,USD,5400
INV1318,2024-09,C0023,USD,10800
INV1319,2024-09,C0024,USD,270
INV1320,2024-09,C0025,GBP,1080
INV1321,2024-09,C0030,GBP,90
INV1322,2024-09,C0034,USD,2880
INV1323,2024-09,C0035,USD,24600
INV1324,2024-09,C0037,CAD,1800
INV1325,2024-09,C0038,GBP,2250
INV1326,2024-09,C0044,CAD,1440
INV1327,2024-09,C0048,EUR,450
INV1328,2024-09,C0049,EUR,5310
INV1329,2024-09,C0053,EUR,1800
INV1330,2024-09,C0054,CAD,240
INV1331,2024-09,C0056,EUR,4800
INV1332,2024-09,C0057,USD,990
INV1333,2024-09,C0060,USD,3600
INV1334,2024-09,C0066,USD,14400
INV1335,2024-09,C0068,USD,270
INV1336,2024-09,C0069,EUR,1920
INV1337,2024-09,C0073,GBP,2160
INV1338,2024-09,C0077,EUR,14400
INV1339,2024-09,C0081,GBP,720
INV1340,2024-09,C0082,GBP,6000
INV1341,2024-09,C0089,GBP,270
INV1342,2024-09,C0091,USD,8160
INV1343,2024-09,C0092,USD,450
INV1344,2024-09,C0094,GBP,360
INV1345,2024-09,C0098,EUR,3000
INV1346,2024-09,C0099,USD,150
INV1347,2024-09,C0101,EUR,450
INV1348,2024-09,C0103,EUR,1710
INV1349,2024-09,C0105,USD,3000
INV1350,2024-09,C0106,USD,780
INV1351,2024-09,C0109,USD,240
INV1352,2024-09,C0110,USD,1920
INV1353,2024-09,C0111,USD,660
INV1354,2024-09,C0113,EUR,1290
INV1355,2024-09,C0114,GBP,1800
INV1356,2024-09,C0124,CAD,2250
INV1357,2024-09,C0128,EUR,3600
INV1358,2024-09,C0135,EUR,270
INV1359,2024-09,C0139,GBP,240
INV1360,2024-09,C0146,EUR,3000
INV1361,2024-09,C0149,USD,2880
INV1362,2024-10,C0001,CAD,4200
INV1363,2024-10,C0002,CAD,900
INV1364,2024-10,C0008,USD,9090
INV1365,2024-10,C0009,USD,1770
INV1366,2024-10,C0010,USD,240
INV1367,2024-10,C0011,USD,600
INV1368,2024-10,C0014,USD,120
INV1369,2024-10,C0022,USD,5400
INV1370,2024-10,C0023,USD,10800
INV1371,2024-10,C0024,USD,240
INV1372,2024-10,C0025,GBP,1080
INV1373,2024-10,C0030,GBP,90
INV1374,2024-10,C0034,USD,2880
INV1375,2024-10,C0035,USD,24600
INV1376,2024-10,C0037,CAD,1800
INV1377,2024-10,C0038,GBP,2250
INV1378,2024-10,C0044,CAD,1440
INV1379,2024-10,C0048,EUR,450
INV1380,2024-10,C0049,EUR,5310
INV1381,2024-10,C0050,USD,150
INV1382,2024-10,C0053,EUR,1800
INV1383,2024-10,C0054,CAD,240
INV1384,2024-10,C0056,EUR,4800
INV1385,2024-10,C0057,USD,990
INV1386,2024-10,C0059,EUR,1080
INV1387,2024-10,C0060,USD,3600
INV1388,2024-10,C0066,USD,37800
INV1389,2024-10,C0068,USD,270
INV1390,2024-10,C0069,EUR,1920
INV1391,2024-10,C0073,GBP,2160
INV1392,2024-10,C0077,EUR,14640
INV1393,2024-10,C0080,EUR,720
INV1394,2024-10,C0081,GBP,720
INV1395,2024-10,C0082,GBP,6000
INV1396,2024-10,C0089,GBP,420
INV1397,2024-10,C0091,USD,8160
INV1398,2024-10,C0092,USD,450
INV1399,2024-10,C0094,GBP,360
INV1400,2024-10,C0098,EUR,3000
INV1401,2024-10,C0099,USD,150
INV1402,2024-10,C0101,EUR,450
INV1403,2024-10,C0103,EUR,1710
INV1404,2024-10,C0105,USD,3000
INV1405,2024-10,C0106,USD,930
INV1406,2024-10,C0107,EUR,24000
INV1407,2024-10,C0109,USD,240
INV1408,2024-10,C0110,USD,1920
INV1409,2024-10,C0111,USD,660
INV1410,2024-10,C0113,EUR,1290
INV1411,2024-10,C0114,GBP,1800
INV1412,2024-10,C0124,CAD,2250
INV1413,2024-10,C0128,EUR,3600
INV1414,2024-10,C0135,EUR,270
INV1415,2024-10,C0139,GBP,240
INV1416,2024-10,C0146,EUR,3000
INV1417,2024-10,C0149,USD,2880
INV1418,2024-11,C0001,CAD,4200
INV1419,2024-11,C0002,CAD,900
INV1420,2024-11,C0008,USD,9090
INV1421,2024-11,C0009,USD,1770
INV1422,2024-11,C0010,USD,240
INV1423,2024-11,C0011,USD,600
INV1424,2024-11,C0014,USD,120
INV1425,2024-11,C0022,USD,5400
INV1426,2024-11,C0023,USD,10800
INV1427,2024-11,C0024,USD,240
INV1428,2024-11,C0025,GBP,1080
INV1429,2024-11,C0030,GBP,90
INV1430,2024-11,C0034,USD,2880
INV1431,2024-11,C0035,USD,24600
INV1432,2024-11,C0037,CAD,1800
INV1433,2024-11,C0038,GBP,2250
INV1434,2024-11,C0044,CAD,1440
INV1435,2024-11,C0048,EUR,450
INV1436,2024-11,C0049,EUR,5310
INV1437,2024-11,C0050,USD,150
INV1438,2024-11,C0053,EUR,1800
INV1439,2024-11,C0054,CAD,240
INV1440,2024-11,C0056,EUR,4800
INV1441,2024-11,C0057,USD,990
INV1442,2024-11,C0059,EUR,1080
INV1443,2024-11,C0060,USD,3600
INV1444,2024-11,C0066,USD,37800
INV1445,2024-11,C0067,EUR,1200
INV1446,2024-11,C0068,USD,270
INV1447,2024-11,C0069,EUR,1920
INV1448,2024-11,C0073,GBP,2160
INV1449,2024-11,C0077,EUR,14640
INV1450,2024-11,C0080,EUR,720
INV1451,2024-11,C0081,GBP,720
INV1452,2024-11,C0082,GBP,6000
INV1453,2024-11,C0089,GBP,420
INV1454,2024-11,C0091,USD,8160
INV1455,2024-11,C0092,USD,390
INV1456,2024-11,C0094,GBP,360
INV1457,2024-11,C0098,EUR,3000
INV1458,2024-11,C0099,USD,150
INV1459,2024-11,C0101,EUR,450
INV1460,2024-11,C0103,EUR,1710
INV1461,2024-11,C0105,USD,3000
INV1462,2024-11,C0106,USD,930
INV1463,2024-11,C0107,EUR,24000
INV1464,2024-11,C0109,USD,240
INV1465,2024-11,C0110,USD,1920
INV1466,2024-11,C0111,USD,660
INV1467,2024-11,C0113,EUR,1290
INV1468,2024-11,C0114,GBP,1800
INV1469,2024-11,C0115,USD,270
INV1470,2024-11,C0124,CAD,2250
INV1471,2024-11,C0128,EUR,3600
INV1472,2024-11,C0131,EUR,2880
INV1473,2024-11,C0135,EUR,360
INV1474,2024-11,C0139,GBP,240
INV1475,2024-11,C0143,EUR,1080
INV1476,2024-11,C0146,EUR,3000
INV1477,2024-11,C0149,USD,2880
INV1478,2024-12,C0001,CAD,4200
INV1479,2024-12,C0002,CAD,900
INV1480,2024-12,C0008,USD,9090
INV1481,2024-12,C0009,USD,1770
INV1482,2024-12,C0010,USD,240
INV1483,2024-12,C0011,USD,600
INV1484,2024-12,C0013,USD,300
INV1485,2024-12,C0014,USD,120
INV1486,2024-12,C0015,GBP,360
INV1487,2024-12,C0017,EUR,3000
INV1488,2024-12,C0018,CAD,360
INV1489,2024-12,C0022,USD,5400
INV1490,2024-12,C0023,USD,10800
INV1491,2024-12,C0024,USD,240
INV1492,2024-12,C0025,GBP,1080
INV1493,2024-12,C0030,GBP,90
INV1494,2024-12,C0031,USD,600
INV1495,2024-12,C0034,USD,2880
INV1496,2024-12,C0035,USD,24600
INV1497,2024-12,C0037,CAD,1800
INV1498,2024-12,C0038,GBP,2250
INV1499,2024-12,C0040,EUR,720
INV1500,2024-12,C0044,CAD,1440
INV1501,2024-12,C0048,EUR,450
INV1502,2024-12,C0049,EUR,5310
INV1503,2024-12,C0050,USD,150
INV1504,2024-12,C0053,EUR,3000
INV1505,2024-12,C0054,CAD,240
INV1506,2024-12,C0056,EUR,4800
INV1507,2024-12,C0057,USD,990
INV1508,2024-12,C0059,EUR,1080
INV1509,2024-12,C0060,USD,3600
INV1510,2024-12,C0063,USD,1920
INV1511,2024-12,C0066,USD,37800
INV1512,2024-12,C0067,EUR,1200
INV1513,2024-12,C0068,USD,540
INV1514,2024-12,C0069,EUR,1920
INV1515,2024-12,C0070,USD,240
INV1516,2024-12,C0073,GBP,2160
INV1517,2024-12,C0077,EUR,14640
INV1518,2024-12,C0080,EUR,720
INV1519,2024-12,C0081,GBP,1440
INV1520,2024-12,C0082,GBP,6000
INV1521,2024-12,C0086,EUR,150
INV1522,2024-12,C0089,GBP,420
INV1523,2024-12,C0091,USD,7680
INV1524,2024-12,C0092,USD,390
INV1525,2024-12,C0094,GBP,360
INV1526,2024-12,C0098,EUR,3000
INV1527,2024-12,C0099,USD,150
INV1528,2024-12,C0101,EUR,450
INV1529,2024-12,C0103,EUR,1710
INV1530,2024-12,C0105,USD,1800
INV1531,2024-12,C0106,USD,930
INV1532,2024-12,C0107,EUR,24000
INV1533,2024-12,C0109,USD,240
INV1534,2024-12,C0110,USD,1920
INV1535,2024-12,C0111,USD,660
INV1536,2024-12,C0113,EUR,1290
INV1537,2024-12,C0114,GBP,1800
INV1538,2024-12,C0115,USD,270
INV1539,2024-12,C0124,CAD,2250
INV1540,2024-12,C0128,EUR,3600
INV1541,2024-12,C0131,EUR,2400
INV1542,2024-12,C0135,EUR,420
INV1543,2024-12,C0139,GBP,240
INV1544,2024-12,C0140,CAD,300
INV1545,2024-12,C0143,EUR,1080
INV1546,2024-12,C0146,EUR,3000
INV1547,2024-12,C0149,USD,2640
INV1548,2025-01,C0001,CAD,4200
INV1549,2025-01,C0008,USD,9090
INV1550,2025-01,C0009,USD,1770
INV1551,2025-01,C0010,USD,240
INV1552,2025-01,C0011,USD,600
INV1553,2025-01,C0013,USD,300
INV1554,2025-01,C0014,USD,120
INV1555,2025-01,C0015,GBP,450
INV1556,2025-01,C0017,EUR,3000
INV1557,2025-01,C0018,CAD,360
INV1558,2025-01,C0022,USD,5400
INV1559,2025-01,C0023,USD,10800
INV1560,2025-01,C0024,USD,240
INV1561,2025-01,C0025,GBP,1080
INV1562,2025-01,C0030,GBP,90
INV1563,2025-01,C0031,USD,600
INV1564,2025-01,C0034,USD,2880
INV1565,2025-01,C0035,USD,24600
INV1566,2025-01,C0037,CAD,1800
INV1567,2025-01,C0038,GBP,2250
INV1568,2025-01,C0039,EUR,1200
INV1569,2025-01,C0040,EUR,720
INV1570,2025-01,C0044,CAD,1440
INV1571,2025-01,C0048,EUR,450
INV1572,2025-01,C0049,EUR,5310
INV1573,2025-01,C0050,USD,150
INV1574,2025-01,C0053,EUR,3000
INV1575,2025-01,C0054,CAD,240
INV1576,2025-01,C0056,EUR,4800
INV1577,2025-01,C0057,USD,990
INV1578,2025-01,C0059,EUR,1080
INV1579,2025-01,C0060,USD,4050
INV1580,2025-01,C0063,USD,1920
INV1581,2025-01,C0066,USD,37800
INV1582,2025-01,C0067,EUR,1200
INV1583,2025-01,C0068,USD,540
INV1584,2025-01,C0069,EUR,1920
INV1585,2025-01,C0070,USD,240
INV1586,2025-01,C0073,GBP,6000
INV1587,2025-01,C0077,EUR,14640
INV1588,2025-01,C0080,EUR,720
INV1589,2025-01,C0081,GBP,1440
INV1590,2025-01,C0082,GBP,6000
INV1591,2025-01,C0083,USD,900
INV1592,2025-01,C0086,EUR,150
INV1593,2025-01,C0089,GBP,420
INV1594,2025-01,C0091,USD,7680
INV1595,2025-01,C0092,USD,390
INV1596,2025-01,C0094,GBP,510
INV1597,2025-01,C0098,EUR,3000
INV1598,2025-01,C0099,USD,150
INV1599,2025-01,C0101,EUR,450
INV1600,2025-01,C0103,EUR,1710
INV1601,2025-01,C0104,CAD,150
INV1602,2025-01,C0105,USD,4800
INV1603,2025-01,C0106,USD,930
INV1604,2025-01,C0107,EUR,24000
INV1605,2025-01,C0109,USD,240
INV1606,2025-01,C0110,USD,1200
INV1607,2025-01,C0111,USD,660
INV1608,2025-01,C0113,EUR,1290
INV1609,2025-01,C0114,GBP,5490
INV1610,2025-01,C0115,USD,270
INV1611,2025-01,C0124,CAD,6480
INV1612,2025-01,C0128,EUR,3330
INV1613,2025-01,C0131,EUR,2400
INV1614,2025-01,C0135,EUR,420
INV1615,2025-01,C0139,GBP,240
INV1616,2025-01,C0140,CAD,300
INV1617,2025-01,C0143,EUR,1080
INV1618,2025-01,C0146,EUR,3000
INV1619,2025-01,C0149,USD,2640
INV1620,2025-02,C0001,CAD,4200
INV1621,2025-02,C0003,EUR,1080
INV1622,2025-02,C0008,USD,9090
INV1623,2025-02,C0009,USD,1920
INV1624,2025-02,C0010,USD,240
INV1625,2025-02,C0011,USD,600
INV1626,2025-02,C0013,USD,300
INV1627,2025-02,C0014,USD,120
INV1628,2025-02,C0015,GBP,450
INV1629,2025-02,C0016,EUR,90
INV1630,2025-02,C0017,EUR,3000
INV1631,2025-02,C0018,CAD,360
INV1632,2025-02,C0022,USD,6000
INV1633,2025-02,C0023,USD,10800
INV1634,2025-02,C0024,USD,240
INV1635,2025-02,C0025,GBP,1080
INV1636,2025-02,C0030,GBP,90
INV1637,2025-02,C0031,USD,600
INV1638,2025-02,C0034,USD,2880
INV1639,2025-02,C0035,USD,24600
INV1640,2025-02,C0037,CAD,1800
INV1641,2025-02,C0038,GBP,2250
INV1642,2025-02,C0039,EUR,1200
INV1643,2025-02,C0040,EUR,720
INV1644,2025-02,C0044,CAD,1440
INV1645,2025-02,C0045,USD,4800
INV1646,2025-02,C0048,EUR,450
INV1647,2025-02,C0049,EUR,5310
INV1648,2025-02,C0050,USD,150
INV1649,2025-02,C0051,USD,1800
INV1650,2025-02,C0052,EUR,720
INV1651,2025-02,C0053,EUR,3000
INV1652,2025-02,C0054,CAD,180
INV1653,2025-02,C0056,EUR,4800
INV1654,2025-02,C0057,USD,990
INV1655,2025-02,C0059,EUR,1080
INV1656,2025-02,C0060,USD,4050
INV1657,2025-02,C0063,USD,1920
INV1658,2025-02,C0066,USD,37800
INV1659,2025-02,C0067,EUR,1200
INV1660,2025-02,C0068,USD,540
INV1661,2025-02,C0069,EUR,1920
INV1662,2025-02,C0070,USD,240
INV1663,2025-02,C0072,CAD,1200
INV1664,2025-02,C0073,GBP,6000
INV1665,2025-02,C0077,EUR,14640
INV1666,2025-02,C0079,EUR,600
INV1667,2025-02,C0080,EUR,720
INV1668,2025-02,C0082,GBP,6000
INV1669,2025-02,C0083,USD,900
INV1670,2025-02,C0086,EUR,150
INV1671,2025-02,C0089,GBP,420
INV1672,2025-02,C0091,USD,7680
INV1673,2025-02,C0092,USD,390
INV1674,2025-02,C0094,GBP,600
INV1675,2025-02,C0098,EUR,3000
INV1676,2025-02,C0099,USD,150
INV1677,2025-02,C0101,EUR,450
INV1678,2025-02,C0103,EUR,1710
INV1679,2025-02,C0104,CAD,150
INV1680,2025-02,C0105,USD,4800
INV1681,2025-02,C0106,USD,930
INV1682,2025-02,C0107,EUR,24000
INV1683,2025-02,C0109,USD,240
INV1684,2025-02,C0110,USD,1200
INV1685,2025-02,C0111,USD,660
INV1686,2025-02,C0113,EUR,1200
INV1687,2025-02,C0114,GBP,5490
INV1688,2025-02,C0115,USD,360
INV1689,2025-02,C0123,USD,300
INV1690,2025-02,C0128,EUR,3330
INV1691,2025-02,C0131,EUR,2400
INV1692,2025-02,C0135,EUR,420
INV1693,2025-02,C0139,GBP,240
INV1694,2025-02,C0140,CAD,300
INV1695,2025-02,C0141,USD,360
INV1696,2025-02,C0143,EUR,1080
INV1697,2025-02,C0146,EUR,3000
INV1698,2025-02,C0149,USD,2640
INV1699,2025-03,C0001,CAD,3000
INV1700,2025-03,C0003,EUR,1080
INV1701,2025-03,C0004,EUR,4800
INV1702,2025-03,C0008,USD,9090
INV1703,2025-03,C0009,USD,1920
INV1704,2025-03,C0010,USD,240
INV1705,2025-03,C0011,USD,600
INV1706,2025-03,C0013,USD,300
INV1707,2025-03,C0014,USD,120
INV1708,2025-03,C0015,GBP,420
INV1709,2025-03,C0016,EUR,90
INV1710,2025-03,C0017,EUR,9180
INV1711,2025-03,C0018,CAD,360
INV1712,2025-03,C0022,USD,6000
INV1713,2025-03,C0023,USD,10800
INV1714,2025-03,C0024,USD,240
INV1715,2025-03,C0025,GBP,1080
INV1716,2025-03,C0028,EUR,270
INV1717,2025-03,C0030,GBP,90
INV1718,2025-03,C0031,USD,600
INV1719,2025-03,C0034,USD,2880
INV1720,2025-03,C0035,USD,24600
INV1721,2025-03,C0037,CAD,1800
INV1722,2025-03,C0038,GBP,2250
INV1723,2025-03,C0039,EUR,1200
INV1724,2025-03,C0040,EUR,540
INV1725,2025-03,C0045,USD,4800
INV1726,2025-03,C0048,EUR,270
INV1727,2025-03,C0049,EUR,5310
INV1728,2025-03,C0050,USD,120
INV1729,2025-03,C0051,USD,1800
INV1730,2025-03,C0052,EUR,720
INV1731,2025-03,C0053,EUR,3000
INV1732,2025-03,C0054,CAD,180
INV1733,2025-03,C0056,EUR,4800
INV1734,2025-03,C0057,USD,990
INV1735,2025-03,C0059,EUR,1080
INV1736,2025-03,C0060,USD,4050
INV1737,2025-03,C0063,USD,1920
INV1738,2025-03,C0066,USD,37800
INV1739,2025-03,C0067,EUR,1200
INV1740,2025-03,C0068,USD,540
INV1741,2025-03,C0069,EUR,1920
INV1742,2025-03,C0070,USD,240
INV1743,2025-03,C0072,CAD,1200
INV1744,2025-03,C0073,GBP,6000
INV1745,2025-03,C0077,EUR,14640
INV1746,2025-03,C0079,EUR,600
INV1747,2025-03,C0080,EUR,990
INV1748,2025-03,C0082,GBP,6000
INV1749,2025-03,C0083,USD,900
INV1750,2025-03,C0086,EUR,120
INV1751,2025-03,C0089,GBP,420
INV1752,2025-03,C0091,USD,19800
INV1753,2025-03,C0092,USD,390
INV1754,2025-03,C0094,GBP,600
INV1755,2025-03,C0097,GBP,36000
INV1756,2025-03,C0098,EUR,3000
INV1757,2025-03,C0099,USD,150
INV1758,2025-03,C0101,EUR,450
INV1759,2025-03,C0103,EUR,1710
INV1760,2025-03,C0104,CAD,150
INV1761,2025-03,C0105,USD,4800
INV1762,2025-03,C0106,USD,930
INV1763,2025-03,C0107,EUR,24240
INV1764,2025-03,C0109,USD,240
INV1765,2025-03,C0110,USD,1200
INV1766,2025-03,C0111,USD,720
INV1767,2025-03,C0113,EUR,3870
INV1768,2025-03,C0114,GBP,5490
INV1769,2025-03,C0116,EUR,1920
INV1770,2025-03,C0118,EUR,450
INV1771,2025-03,C0123,USD,300
INV1772,2025-03,C0127,USD,1080
INV1773,2025-03,C0128,EUR,3330
INV1774,2025-03,C0131,EUR,2400
INV1775,2025-03,C0134,GBP,300
INV1776,2025-03,C0135,EUR,420
INV1777,2025-03,C0137,GBP,2250
INV1778,2025-03,C0139,GBP,240
INV1779,2025-03,C0140,CAD,300
INV1780,2025-03,C0141,USD,510
INV1781,2025-03,C0143,EUR,1080
INV1782,2025-03,C0146,EUR,3000
INV1783,2025-03,C0149,USD,2640
INV1784,2025-03,C0150,USD,2250
INV1785,2025-04,C0001,CAD,3000
INV1786,2025-04,C0003,EUR,1080
INV1787,2025-04,C0004,EUR,4800
INV1788,2025-04,C0008,USD,9090
INV1789,2025-04,C0009,USD,1920
INV1790,2025-04,C0010,USD,210
INV1791,2025-04,C0011,USD,600
INV1792,2025-04,C0013,USD,300
INV1793,2025-04,C0014,USD,120
INV1794,2025-04,C0015,GBP,420
INV1795,2025-04,C0016,EUR,90
INV1796,2025-04,C0018,CAD,360
INV1797,2025-04,C0020,USD,720
INV1798,2025-04,C0022,USD,6000
INV1799,2025-04,C0023,USD,10800
INV1800,2025-04,C0024,USD,240
INV1801,2025-04,C0028,EUR,720
INV1802,2025-04,C0030,GBP,90
INV1803,2025-04,C0031,USD,600
INV1804,2025-04,C0034,USD,2880
INV1805,2025-04,C0035,USD,24600
INV1806,2025-04,C0037,CAD,1800
INV1807,2025-04,C0038,GBP,2250
INV1808,2025-04,C0039,EUR,1200
INV1809,2025-04,C0040,EUR,630
INV1810,2025-04,C0045,USD,5280
INV1811,2025-04,C0048,EUR,270
INV1812,2025-04,C0049,EUR,5310
INV1813,2025-04,C0050,USD,120
INV1814,2025-04,C0051,USD,1800
INV1815,2025-04,C0052,EUR,720
INV1816,2025-04,C0053,EUR,3000
INV1817,2025-04,C0054,CAD,180
INV1818,2025-04,C0056,EUR,4800
INV1819,2025-04,C0057,USD,990
INV1820,2025-04,C0058,USD,900
INV1821,2025-04,C0059,EUR,1080
INV1822,2025-04,C0060,USD,4050
INV1823,2025-04,C0063,USD,2640
INV1824,2025-04,C0066,USD,37800
INV1825,2025-04,C0067,EUR,1200
INV1826,2025-04,C0068,USD,540
INV1827,2025-04,C0069,EUR,1920
INV1828,2025-04,C0070,USD,240
INV1829,2025-04,C0072,CAD,1200
INV1830,2025-04,C0073,GBP,6000
INV1831,2025-04,C0077,EUR,14640
INV1832,2025-04,C0079,EUR,600
INV1833,2025-04,C0080,EUR,990
INV1834,2025-04,C0082,GBP,6000
INV1835,2025-04,C0083,USD,900
INV1836,2025-04,C0086,EUR,120
INV1837,2025-04,C0089,GBP,420
INV1838,2025-04,C0091,USD,19800
INV1839,2025-04,C0092,USD,390
INV1840,2025-04,C0094,GBP,600
INV1841,2025-04,C0097,GBP,36000
INV1842,2025-04,C0098,EUR,3000
INV1843,2025-04,C0099,USD,150
INV1844,2025-04,C0101,EUR,450
INV1845,2025-04,C0103,EUR,1710
INV1846,2025-04,C0104,CAD,150
INV1847,2025-04,C0105,USD,6600
INV1848,2025-04,C0106,USD,930
INV1849,2025-04,C0107,EUR,24240
INV1850,2025-04,C0109,USD,240
INV1851,2025-04,C0110,USD,1200
INV1852,2025-04,C0111,USD,720
INV1853,2025-04,C0113,EUR,3870
INV1854,2025-04,C0114,GBP,5490
INV1855,2025-04,C0116,EUR,1920
INV1856,2025-04,C0118,EUR,270
INV1857,2025-04,C0123,USD,300
INV1858,2025-04,C0127,USD,1080
INV1859,2025-04,C0128,EUR,3330
INV1860,2025-04,C0133,USD,720
INV1861,2025-04,C0134,GBP,300
INV1862,2025-04,C0135,EUR,420
INV1863,2025-04,C0137,GBP,6720
INV1864,2025-04,C0139,GBP,240
INV1865,2025-04,C0140,CAD,300
INV1866,2025-04,C0141,USD,510
INV1867,2025-04,C0143,EUR,1080
INV1868,2025-04,C0146,EUR,3000
INV1869,2025-04,C0149,USD,2640
INV1870,2025-04,C0150,USD,2250
INV1871,2025-05,C0001,CAD,3000
INV1872,2025-05,C0003,EUR,1080
INV1873,2025-05,C0004,EUR,4800
INV1874,2025-05,C0008,USD,9090
INV1875,2025-05,C0009,USD,1920
INV1876,2025-05,C0010,USD,210
INV1877,2025-05,C0011,USD,600
INV1878,2025-05,C0013,USD,300
INV1879,2025-05,C0014,USD,120
INV1880,2025-05,C0015,GBP,420
INV1881,2025-05,C0016,EUR,90
INV1882,2025-05,C0018,CAD,360
INV1883,2025-05,C0020,USD,720
INV1884,2025-05,C0022,USD,6000
INV1885,2025-05,C0023,USD,10800
INV1886,2025-05,C0028,EUR,2400
INV1887,2025-05,C0030,GBP,90
INV1888,2025-05,C0031,USD,600
INV1889,2025-05,C0034,USD,3120
INV1890,2025-05,C0035,USD,24600
INV1891,2025-05,C0037,CAD,1800
INV1892,2025-05,C0038,GBP,2250
INV1893,2025-05,C0039,EUR,1200
INV1894,2025-05,C0040,EUR,630
INV1895,2025-05,C0044,CAD,1170
INV1896,2025-05,C0045,USD,5280
INV1897,2025-05,C0048,EUR,270
INV1898,2025-05,C0049,EUR,5310
INV1899,2025-05,C0050,USD,120
INV1900,2025-05,C0051,USD,2250
INV1901,2025-05,C0052,EUR,720
INV1902,2025-05,C0053,EUR,3000
INV1903,2025-05,C0054,CAD,180
INV1904,2025-05,C0056,EUR,4800
INV1905,2025-05,C0057,USD,990
INV1906,2025-05,C0058,USD,900
INV1907,2025-05,C0059,EUR,1080
INV1908,2025-05,C0060,USD,4050
INV1909,2025-05,C0063,USD,2640
INV1910,2025-05,C0066,USD,40800
INV1911,2025-05,C0067,EUR,1200
INV1912,2025-05,C0068,USD,540
INV1913,2025-05,C0069,EUR,6600
INV1914,2025-05,C0070,USD,240
INV1915,2025-05,C0072,CAD,1200
INV1916,2025-05,C0073,GBP,6000
INV1917,2025-05,C0077,EUR,14640
INV1918,2025-05,C0079,EUR,630
INV1919,2025-05,C0080,EUR,810
INV1920,2025-05,C0082,GBP,6000
INV1921,2025-05,C0083,USD,900
INV1922,2025-05,C0086,EUR,210
INV1923,2025-05,C0089,GBP,420
INV1924,2025-05,C0091,USD,19800
INV1925,2025-05,C0092,USD,390
INV1926,2025-05,C0094,GBP,600
INV1927,2025-05,C0097,GBP,36000
INV1928,2025-05,C0098,EUR,3000
INV1929,2025-05,C0099,USD,150
INV1930,2025-05,C0101,EUR,450
INV1931,2025-05,C0103,EUR,1710
INV1932,2025-05,C0104,CAD,150
INV1933,2025-05,C0105,USD,6600
INV1934,2025-05,C0106,USD,930
INV1935,2025-05,C0107,EUR,24240
INV1936,2025-05,C0109,USD,240
INV1937,2025-05,C0110,USD,1200
INV1938,2025-05,C0111,USD,720
INV1939,2025-05,C0113,EUR,3870
INV1940,2025-05,C0114,GBP,5490
INV1941,2025-05,C0116,EUR,6600
INV1942,2025-05,C0118,EUR,270
INV1943,2025-05,C0123,USD,300
INV1944,2025-05,C0127,USD,1080
INV1945,2025-05,C0128,EUR,3330
INV1946,2025-05,C0133,USD,720
INV1947,2025-05,C0134,GBP,300
INV1948,2025-05,C0137,GBP,6720
INV1949,2025-05,C0139,GBP,240
INV1950,2025-05,C0140,CAD,300
INV1951,2025-05,C0141,USD,510
INV1952,2025-05,C0143,EUR,1080
INV1953,2025-05,C0146,EUR,3000
INV1954,2025-05,C0147,EUR,300
INV1955,2025-05,C0149,USD,2640
INV1956,2025-05,C0150,USD,2250
INV1957,2025-06,C0001,CAD,3000
INV1958,2025-06,C0003,EUR,3360
INV1959,2025-06,C0004,EUR,4800
INV1960,2025-06,C0008,USD,9090
INV1961,2025-06,C0009,USD,1920
INV1962,2025-06,C0010,USD,210
INV1963,2025-06,C0013,USD,300
INV1964,2025-06,C0014,USD,120
INV1965,2025-06,C0015,GBP,420
INV1966,2025-06,C0016,EUR,720
INV1967,2025-06,C0018,CAD,360
INV1968,2025-06,C0020,USD,720
INV1969,2025-06,C0022,USD,6000
INV1970,2025-06,C0023,USD,10800
INV1971,2025-06,C0028,EUR,2400
INV1972,2025-06,C0030,GBP,90
INV1973,2025-06,C0031,USD,600
INV1974,2025-06,C0034,USD,9000
INV1975,2025-06,C0035,USD,24600
INV1976,2025-06,C0037,CAD,1800
INV1977,2025-06,C0038,GBP,2070
INV1978,2025-06,C0039,EUR,1200
INV1979,2025-06,C0040,EUR,360
INV1980,2025-06,C0043,USD,2250
INV1981,2025-06,C0044,CAD,1200
INV1982,2025-06,C0045,USD,5280
INV1983,2025-06,C0048,EUR,270
INV1984,2025-06,C0050,USD,120
INV1985,2025-06,C0051,USD,2250
INV1986,2025-06,C0052,EUR,720
INV1987,2025-06,C0053,EUR,3600
INV1988,2025-06,C0054,CAD,180
INV1989,2025-06,C0056,EUR,4800
INV1990,2025-06,C0057,USD,990
INV1991,2025-06,C0058,USD,900
INV1992,2025-06,C0059,EUR,1080
INV1993,2025-06,C0060,USD,4050
INV1994,2025-06,C0063,USD,2640
INV1995,2025-06,C0066,USD,40800
INV1996,2025-06,C0067,EUR,1200
INV1997,2025-06,C0068,USD,540
INV1998,2025-06,C0069,EUR,6600
INV1999,2025-06,C0070,USD,240
INV2000,2025-06,C0072,CAD,1200
INV2001,2025-06,C0073,GBP,6000
INV2002,2025-06,C0076,CAD,1800
INV2003,2025-06,C0077,EUR,15840
INV2004,2025-06,C0080,EUR,810
INV2005,2025-06,C0082,GBP,6000
INV2006,2025-06,C0083,USD,900
INV2007,2025-06,C0086,EUR,210
INV2008,2025-06,C0089,GBP,420
INV2009,2025-06,C0091,USD,19800
INV2010,2025-06,C0092,USD,540
INV2011,2025-06,C0094,GBP,600
INV2012,2025-06,C0097,GBP,36000
INV2013,2025-06,C0098,EUR,3000
INV2014,2025-06,C0099,USD,240
INV2015,2025-06,C0100,GBP,300
INV2016,2025-06,C0101,EUR,450
INV2017,2025-06,C0103,EUR,1710
INV2018,2025-06,C0104,CAD,90
INV2019,2025-06,C0105,USD,7200
INV2020,2025-06,C0106,USD,930
INV2021,2025-06,C0107,EUR,24240
INV2022,2025-06,C0109,USD,180
INV2023,2025-06,C0110,USD,1200
INV2024,2025-06,C0111,USD,690
INV2025,2025-06,C0113,EUR,3870
INV2026,2025-06,C0114,GBP,5490
INV2027,2025-06,C0115,USD,270
INV2028,2025-06,C0116,EUR,6600
INV2029,2025-06,C0118,EUR,360
INV2030,2025-06,C0123,USD,270
INV2031,2025-06,C0127,USD,1080
INV2032,2025-06,C0128,EUR,3330
INV2033,2025-06,C0133,USD,720
INV2034,2025-06,C0134,GBP,300
INV2035,2025-06,C0137,GBP,7440
INV2036,2025-06,C0139,GBP,240
INV2037,2025-06,C0140,CAD,300
INV2038,2025-06,C0141,USD,510
INV2039,2025-06,C0143,EUR,1080
INV2040,2025-06,C0146,EUR,3000
INV2041,2025-06,C0147,EUR,300
INV2042,2025-06,C0149,USD,2640
INV2043,2025-06,C0150,USD,2250
INV2044,2025-07,C0001,CAD,1800
INV2045,2025-07,C0003,EUR,3360
INV2046,2025-07,C0004,EUR,4800
INV2047,2025-07,C0008,USD,9180
INV2048,2025-07,C0009,USD,1860
INV2049,2025-07,C0010,USD,120
INV2050,2025-07,C0013,USD,300
INV2051,2025-07,C0014,USD,120
INV2052,2025-07,C0015,GBP,420
INV2053,2025-07,C0016,EUR,720
INV2054,2025-07,C0019,USD,3000
INV2055,2025-07,C0020,USD,720
INV2056,2025-07,C0022,USD,6000
INV2057,2025-07,C0023,USD,9000
INV2058,2025-07,C0027,EUR,1200
INV2059,2025-07,C0028,EUR,2400
INV2060,2025-07,C0030,GBP,540
INV2061,2025-07,C0031,USD,600
INV2062,2025-07,C0034,USD,9000
INV2063,2025-07,C0035,USD,25200
INV2064,2025-07,C0036,EUR,9600
INV2065,2025-07,C0037,CAD,1800
INV2066,2025-07,C0038,GBP,2070
INV2067,2025-07,C0039,EUR,1230
INV2068,2025-07,C0040,EUR,360
INV2069,2025-07,C0043,USD,2250
INV2070,2025-07,C0044,CAD,1200
INV2071,2025-07,C0045,USD,5280
INV2072,2025-07,C0048,EUR,960
INV2073,2025-07,C0050,USD,120
INV2074,2025-07,C0051,USD,2250
INV2075,2025-07,C0052,EUR,720
INV2076,2025-07,C0053,EUR,3600
INV2077,2025-07,C0054,CAD,180
INV2078,2025-07,C0056,EUR,4800
INV2079,2025-07,C0057,USD,990
INV2080,2025-07,C0058,USD,900
INV2081,2025-07,C0059,EUR,1080
INV2082,2025-07,C0060,USD,4050
INV2083,2025-07,C0063,USD,2640
INV2084,2025-07,C0066,USD,40800
INV2085,2025-07,C0067,EUR,1200
INV2086,2025-07,C0068,USD,1680
INV2087,2025-07,C0069,EUR,6600
INV2088,2025-07,C0070,USD,240
INV2089,2025-07,C0072,CAD,1200
INV2090,2025-07,C0073,GBP,6000
INV2091,2025-07,C0076,CAD,1800
INV2092,2025-07,C0077,EUR,15840
INV2093,2025-07,C0080,EUR,810
INV2094,2025-07,C0082,GBP,6000
INV2095,2025-07,C0083,USD,900
INV2096,2025-07,C0086,EUR,120
INV2097,2025-07,C0089,GBP,420
INV2098,2025-07,C0091,USD,21600
INV2099,2025-07,C0092,USD,540
INV2100,2025-07,C0094,GBP,600
INV2101,2025-07,C0097,GBP,36000
INV2102,2025-07,C0098,EUR,3090
INV2103,2025-07,C0099,USD,240
INV2104,2025-07,C0100,GBP,300
INV2105,2025-07,C0101,EUR,450
INV2106,2025-07,C0103,EUR,1680
INV2107,2025-07,C0104,CAD,90
INV2108,2025-07,C0105,USD,7200
INV2109,2025-07,C0106,USD,930
INV2110,2025-07,C0107,EUR,24240
INV2111,2025-07,C0109,USD,180
INV2112,2025-07,C0110,USD,720
INV2113,2025-07,C0111,USD,690
INV2114,2025-07,C0113,EUR,3870
INV2115,2025-07,C0115,USD,360
INV2116,2025-07,C0116,EUR,6600
INV2117,2025-07,C0118,EUR,360
INV2118,2025-07,C0122,CAD,9600
INV2119,2025-07,C0123,USD,270
INV2120,2025-07,C0127,USD,990
INV2121,2025-07,C0128,EUR,3330
INV2122,2025-07,C0133,USD,720
INV2123,2025-07,C0134,GBP,300
INV2124,2025-07,C0136,EUR,90
INV2125,2025-07,C0137,GBP,7440
INV2126,2025-07,C0139,GBP,240
INV2127,2025-07,C0140,CAD,300
INV2128,2025-07,C0141,USD,510
INV2129,2025-07,C0143,EUR,1080
INV2130,2025-07,C0146,EUR,3000
INV2131,2025-07,C0147,EUR,300
INV2132,2025-07,C0149,USD,2640
INV2133,2025-07,C0150,USD,2250
INV2134,2025-08,C0001,CAD,3000
INV2135,2025-08,C0003,EUR,4560
INV2136,2025-08,C0004,EUR,4800
INV2137,2025-08,C0006,USD,2400
INV2138,2025-08,C0008,USD,9180
INV2139,2025-08,C0009,USD,1860
INV2140,2025-08,C0010,USD,120
INV2141,2025-08,C0012,CAD,3000
INV2142,2025-08,C0013,USD,300
INV2143,2025-08,C0014,USD,120
INV2144,2025-08,C0015,GBP,1440
INV2145,2025-08,C0016,EUR,630
INV2146,2025-08,C0019,USD,3000
INV2147,2025-08,C0020,USD,720
INV2148,2025-08,C0022,USD,6000
INV2149,2025-08,C0023,USD,9000
INV2150,2025-08,C0027,EUR,1200
INV2151,2025-08,C0028,EUR,2400
INV2152,2025-08,C0030,GBP,540
INV2153,2025-08,C0031,USD,600
INV2154,2025-08,C0034,USD,9000
INV2155,2025-08,C0035,USD,25200
INV2156,2025-08,C0036,EUR,9600
INV2157,2025-08,C0037,CAD,1800
INV2158,2025-08,C0038,GBP,2070
INV2159,2025-08,C0039,EUR,1230
INV2160,2025-08,C0040,EUR,270
INV2161,2025-08,C0042,USD,150
INV2162,2025-08,C0043,USD,2250
INV2163,2025-08,C0044,CAD,1200
INV2164,2025-08,C0045,USD,5280
INV2165,2025-08,C0048,EUR,960
INV2166,2025-08,C0050,USD,120
INV2167,2025-08,C0051,USD,2250
INV2168,2025-08,C0052,EUR,720
INV2169,2025-08,C0053,EUR,3600
INV2170,2025-08,C0054,CAD,180
INV2171,2025-08,C0056,EUR,13200
INV2172,2025-08,C0058,USD,900
INV2173,2025-08,C0059,EUR,1080
INV2174,2025-08,C0060,USD,4050
INV2175,2025-08,C0063,USD,2640
INV2176,2025-08,C0066,USD,40800
INV2177,2025-08,C0067,EUR,1200
INV2178,2025-08,C0068,USD,1680
INV2179,2025-08,C0069,EUR,6600
INV2180,2025-08,C0070,USD,240
INV2181,2025-08,C0072,CAD,1200
INV2182,2025-08,C0073,GBP,6000
INV2183,2025-08,C0076,CAD,1800
INV2184,2025-08,C0077,EUR,16080
INV2185,2025-08,C0080,EUR,810
INV2186,2025-08,C0082,GBP,6000
INV2187,2025-08,C0083,USD,900
INV2188,2025-08,C0086,EUR,120
INV2189,2025-08,C0089,GBP,420
INV2190,2025-08,C0091,USD,21600
INV2191,2025-08,C0092,USD,690
INV2192,2025-08,C0094,GBP,600
INV2193,2025-08,C0096,USD,450
INV2194,2025-08,C0097,GBP,36000
INV2195,2025-08,C0098,EUR,3090
INV2196,2025-08,C0099,USD,240
INV2197,2025-08,C0100,GBP,300
INV2198,2025-08,C0101,EUR,450
INV2199,2025-08,C0104,CAD,90
INV2200,2025-08,C0105,USD,7200
INV2201,2025-08,C0106,USD,930
INV2202,2025-08,C0107,EUR,24240
INV2203,2025-08,C0109,USD,180
INV2204,2025-08,C0110,USD,1200
INV2205,2025-08,C0111,USD,690
INV2206,2025-08,C0112,USD,750
INV2207,2025-08,C0113,EUR,3870
INV2208,2025-08,C0115,USD,360
INV2209,2025-08,C0116,EUR,6600
INV2210,2025-08,C0118,EUR,630
INV2211,2025-08,C0122,CAD,9600
INV2212,2025-08,C0123,USD,360
INV2213,2025-08,C0127,USD,1170
INV2214,2025-08,C0128,EUR,3330
INV2215,2025-08,C0133,USD,720
INV2216,2025-08,C0134,GBP,240
INV2217,2025-08,C0136,EUR,90
INV2218,2025-08,C0137,GBP,7440
INV2219,2025-08,C0139,GBP,240
INV2220,2025-08,C0140,CAD,300
INV2221,2025-08,C0141,USD,660
INV2222,2025-08,C0146,EUR,3000
INV2223,2025-08,C0147,EUR,300
INV2224,2025-08,C0150,USD,2250
INV2225,2025-09,C0003,EUR,4560
INV2226,2025-09,C0004,EUR,4800
INV2227,2025-09,C0006,USD,2400
INV2228,2025-09,C0008,USD,9270
INV2229,2025-09,C0009,USD,1860
INV2230,2025-09,C0010,USD,120
INV2231,2025-09,C0012,CAD,3000
INV2232,2025-09,C0013,USD,300
INV2233,2025-09,C0014,USD,120
INV2234,2025-09,C0015,GBP,1530
INV2235,2025-09,C0016,EUR,630
INV2236,2025-09,C0019,USD,3000
INV2237,2025-09,C0020,USD,720
INV2238,2025-09,C0023,USD,9000
INV2239,2025-09,C0027,EUR,1200
INV2240,2025-09,C0028,EUR,2400
INV2241,2025-09,C0030,GBP,540
INV2242,2025-09,C0031,USD,600
INV2243,2025-09,C0034,USD,9000
INV2244,2025-09,C0035,USD,25200
INV2245,2025-09,C0036,EUR,9600
INV2246,2025-09,C0037,CAD,1800
INV2247,2025-09,C0038,GBP,2070
INV2248,2025-09,C0039,EUR,1230
INV2249,2025-09,C0040,EUR,270
INV2250,2025-09,C0042,USD,150
INV2251,2025-09,C0043,USD,2250
INV2252,2025-09,C0044,CAD,1230
INV2253,2025-09,C0045,USD,5280
INV2254,2025-09,C0048,EUR,960
INV2255,2025-09,C0050,USD,90
INV2256,2025-09,C0051,USD,2250
INV2257,2025-09,C0052,EUR,720
INV2258,2025-09,C0053,EUR,3600
INV2259,2025-09,C0054,CAD,180
INV2260,2025-09,C0056,EUR,15000
INV2261,2025-09,C0058,USD,900
INV2262,2025-09,C0059,EUR,1080
INV2263,2025-09,C0060,USD,4050
INV2264,2025-09,C0063,USD,2640
INV2265,2025-09,C0066,USD,40800
INV2266,2025-09,C0067,EUR,2400
INV2267,2025-09,C0068,USD,1680
INV2268,2025-09,C0069,EUR,6600
INV2269,2025-09,C0070,USD,240
INV2270,2025-09,C0072,CAD,1200
INV2271,2025-09,C0073,GBP,6000
INV2272,2025-09,C0076,CAD,1800
INV2273,2025-09,C0077,EUR,16080
INV2274,2025-09,C0080,EUR,810
INV2275,2025-09,C0082,GBP,6000
INV2276,2025-09,C0083,USD,900
INV2277,2025-09,C0086,EUR,120
INV2278,2025-09,C0089,GBP,1710
INV2279,2025-09,C0090,USD,1800
INV2280,2025-09,C0092,USD,690
INV2281,2025-09,C0094,GBP,600
INV2282,2025-09,C0096,USD,450
INV2283,2025-09,C0097,GBP,36000
INV2284,2025-09,C0098,EUR,3090
INV2285,2025-09,C0099,USD,240
INV2286,2025-09,C0100,GBP,300
INV2287,2025-09,C0101,EUR,450
INV2288,2025-09,C0104,CAD,90
INV2289,2025-09,C0105,USD,7200
INV2290,2025-09,C0106,USD,930
INV2291,2025-09,C0107,EUR,23760
INV2292,2025-09,C0109,USD,180
INV2293,2025-09,C0110,USD,1200
INV2294,2025-09,C0111,USD,690
INV2295,2025-09,C0112,USD,750
INV2296,2025-09,C0113,EUR,3870
INV2297,2025-09,C0115,USD,360
INV2298,2025-09,C0116,EUR,6600
INV2299,2025-09,C0118,EUR,630
INV2300,2025-09,C0121,USD,1800
INV2301,2025-09,C0122,CAD,10080
INV2302,2025-09,C0123,USD,360
INV2303,2025-09,C0127,USD,1170
INV2304,2025-09,C0128,EUR,3330
INV2305,2025-09,C0133,USD,720
INV2306,2025-09,C0134,GBP,240
INV2307,2025-09,C0136,EUR,90
INV2308,2025-09,C0139,GBP,240
INV2309,2025-09,C0140,CAD,300
INV2310,2025-09,C0141,USD,720
INV2311,2025-09,C0146,EUR,3000
INV2312,2025-09,C0147,EUR,300
INV2313,2025-09,C0150,USD,2430
INV2314,2025-10,C0003,EUR,4560
INV2315,2025-10,C0004,EUR,4800
INV2316,2025-10,C0006,USD,2400
INV2317,2025-10,C0008,USD,9720
INV2318,2025-10,C0009,USD,1860
INV2319,2025-10,C0010,USD,120
INV2320,2025-10,C0012,CAD,3000
INV2321,2025-10,C0013,USD,300
INV2322,2025-10,C0014,USD,120
INV2323,2025-10,C0015,GBP,1530
INV2324,2025-10,C0016,EUR,630
INV2325,2025-10,C0019,USD,3000
INV2326,2025-10,C0020,USD,720
INV2327,2025-10,C0021,USD,3000
INV2328,2025-10,C0023,USD,9000
INV2329,2025-10,C0027,EUR,1200
INV2330,2025-10,C0028,EUR,2400
INV2331,2025-10,C0029,GBP,1800
INV2332,2025-10,C0030,GBP,540
INV2333,2025-10,C0031,USD,600
INV2334,2025-10,C0034,USD,9000
INV2335,2025-10,C0035,USD,25200
INV2336,2025-10,C0036,EUR,9600
INV2337,2025-10,C0037,CAD,5520
INV2338,2025-10,C0038,GBP,2070
INV2339,2025-10,C0039,EUR,1230
INV2340,2025-10,C0040,EUR,270
INV2341,2025-10,C0042,USD,150
INV2342,2025-10,C0043,USD,2250
INV2343,2025-10,C0044,CAD,1260
INV2344,2025-10,C0045,USD,5280
INV2345,2025-10,C0048,EUR,960
INV2346,2025-10,C0049,EUR,5310
INV2347,2025-10,C0050,USD,90
INV2348,2025-10,C0051,USD,2250
INV2349,2025-10,C0052,EUR,720
INV2350,2025-10,C0053,EUR,3600
INV2351,2025-10,C0054,CAD,180
INV2352,2025-10,C0055,EUR,600
INV2353,2025-10,C0056,EUR,15000
INV2354,2025-10,C0058,USD,900
INV2355,2025-10,C0059,EUR,1080
INV2356,2025-10,C0060,USD,4050
INV2357,2025-10,C0063,USD,2640
INV2358,2025-10,C0066,USD,40800
INV2359,2025-10,C0067,EUR,2400
INV2360,2025-10,C0068,USD,1680
INV2361,2025-10,C0069,EUR,6600
INV2362,2025-10,C0070,USD,240
INV2363,2025-10,C0072,CAD,1170
INV2364,2025-10,C0073,GBP,6000
INV2365,2025-10,C0076,CAD,1800
INV2366,2025-10,C0077,EUR,16080
INV2367,2025-10,C0080,EUR,810
INV2368,2025-10,C0082,GBP,6000
INV2369,2025-10,C0083,USD,900
INV2370,2025-10,C0086,EUR,120
INV2371,2025-10,C0090,USD,1800
INV2372,2025-10,C0092,USD,690
INV2373,2025-10,C0094,GBP,600
INV2374,2025-10,C0096,USD,450
INV2375,2025-10,C0097,GBP,36000
INV2376,2025-10,C0098,EUR,3090
INV2377,2025-10,C0099,USD,240
INV2378,2025-10,C0100,GBP,300
INV2379,2025-10,C0102,USD,1800
INV2380,2025-10,C0104,CAD,90
INV2381,2025-10,C0105,USD,7200
INV2382,2025-10,C0106,USD,930
INV2383,2025-10,C0107,EUR,23760
INV2384,2025-10,C0108,USD,1800
INV2385,2025-10,C0109,USD,180
INV2386,2025-10,C0110,USD,1200
INV2387,2025-10,C0111,USD,690
INV2388,2025-10,C0112,USD,750
INV2389,2025-10,C0115,USD,450
INV2390,2025-10,C0116,EUR,6600
INV2391,2025-10,C0118,EUR,630
INV2392,2025-10,C0121,USD,1800
INV2393,2025-10,C0122,CAD,9360
INV2394,2025-10,C0123,USD,420
INV2395,2025-10,C0127,USD,1170
INV2396,2025-10,C0128,EUR,3330
INV2397,2025-10,C0133,USD,720
INV2398,2025-10,C0134,GBP,240
INV2399,2025-10,C0136,EUR,90
INV2400,2025-10,C0139,GBP,240
INV2401,2025-10,C0140,CAD,300
INV2402,2025-10,C0141,USD,660
INV2403,2025-10,C0146,EUR,3000
INV2404,2025-10,C0147,EUR,300
INV2405,2025-10,C0150,USD,2160
INV2406,2025-11,C0003,EUR,4560
INV2407,2025-11,C0004,EUR,4800
INV2408,2025-11,C0006,USD,2400
INV2409,2025-11,C0008,USD,9810
INV2410,2025-11,C0009,USD,1860
INV2411,2025-11,C0010,USD,120
INV2412,2025-11,C0012,CAD,3000
INV2413,2025-11,C0013,USD,300
INV2414,2025-11,C0014,USD,120
INV2415,2025-11,C0015,GBP,1530
INV2416,2025-11,C0016,EUR,630
INV2417,2025-11,C0019,USD,3000
INV2418,2025-11,C0020,USD,720
INV2419,2025-11,C0021,USD,3000
INV2420,2025-11,C0023,USD,9000
INV2421,2025-11,C0027,EUR,1200
INV2422,2025-11,C0028,EUR,2400
INV2423,2025-11,C0029,GBP,1800
INV2424,2025-11,C0030,GBP,540
INV2425,2025-11,C0031,USD,600
INV2426,2025-11,C0034,USD,9000
INV2427,2025-11,C0035,USD,25200
INV2428,2025-11,C0036,EUR,9600
INV2429,2025-11,C0037,CAD,5520
INV2430,2025-11,C0038,GBP,1980
INV2431,2025-11,C0039,EUR,1290
INV2432,2025-11,C0040,EUR,270
INV2433,2025-11,C0042,USD,150
INV2434,2025-11,C0043,USD,1980
INV2435,2025-11,C0044,CAD,1290
INV2436,2025-11,C0045,USD,5280
INV2437,2025-11,C0048,EUR,960
INV2438,2025-11,C0049,EUR,5310
INV2439,2025-11,C0050,USD,90
INV2440,2025-11,C0051,USD,2250
INV2441,2025-11,C0052,EUR,720
INV2442,2025-11,C0053,EUR,3600
INV2443,2025-11,C0054,CAD,180
INV2444,2025-11,C0055,EUR,750
INV2445,2025-11,C0056,EUR,15000
INV2446,2025-11,C0058,USD,900
INV2447,2025-11,C0059,EUR,1080
INV2448,2025-11,C0060,USD,4050
INV2449,2025-11,C0063,USD,2640
INV2450,2025-11,C0066,USD,40800
INV2451,2025-11,C0067,EUR,2400
INV2452,2025-11,C0068,USD,1680
INV2453,2025-11,C0070,USD,240
INV2454,2025-11,C0072,CAD,1170
INV2455,2025-11,C0073,GBP,6000
INV2456,2025-11,C0074,EUR,450
INV2457,2025-11,C0076,CAD,1800
INV2458,2025-11,C0082,GBP,5280
INV2459,2025-11,C0083,USD,900
INV2460,2025-11,C0085,CAD,450
INV2461,2025-11,C0086,EUR,120
INV2462,2025-11,C0090,USD,1800
INV2463,2025-11,C0092,USD,690
INV2464,2025-11,C0094,GBP,600
INV2465,2025-11,C0095,EUR,1800
INV2466,2025-11,C0096,USD,450
INV2467,2025-11,C0097,GBP,36000
INV2468,2025-11,C0098,EUR,3090
INV2469,2025-11,C0099,USD,240
INV2470,2025-11,C0100,GBP,300
INV2471,2025-11,C0102,USD,1800
INV2472,2025-11,C0104,CAD,90
INV2473,2025-11,C0105,USD,9000
INV2474,2025-11,C0107,EUR,23760
INV2475,2025-11,C0108,USD,1800
INV2476,2025-11,C0109,USD,180
INV2477,2025-11,C0110,USD,1200
INV2478,2025-11,C0111,USD,690
INV2479,2025-11,C0112,USD,750
INV2480,2025-11,C0115,USD,450
INV2481,2025-11,C0116,EUR,6600
INV2482,2025-11,C0117,EUR,270
INV2483,2025-11,C0118,EUR,630
INV2484,2025-11,C0119,USD,3600
INV2485,2025-11,C0121,USD,1800
INV2486,2025-11,C0122,CAD,9360
INV2487,2025-11,C0123,USD,420
INV2488,2025-11,C0127,USD,1170
INV2489,2025-11,C0128,EUR,3330
INV2490,2025-11,C0133,USD,720
INV2491,2025-11,C0134,GBP,810
INV2492,2025-11,C0136,EUR,90
INV2493,2025-11,C0137,GBP,2160
INV2494,2025-11,C0138,USD,720
INV2495,2025-11,C0139,GBP,240
INV2496,2025-11,C0140,CAD,300
INV2497,2025-11,C0141,USD,660
INV2498,2025-11,C0146,EUR,3000
INV2499,2025-11,C0147,EUR,300
INV2500,2025-11,C0150,USD,2430
INV2501,2025-12,C0003,EUR,4560
INV2502,2025-12,C0004,EUR,4800
INV2503,2025-12,C0006,USD,2400
INV2504,2025-12,C0008,USD,9810
INV2505,2025-12,C0010,USD,120
INV2506,2025-12,C0012,CAD,3000
INV2507,2025-12,C0013,USD,300
INV2508,2025-12,C0014,USD,120
INV2509,2025-12,C0015,GBP,1530
INV2510,2025-12,C0016,EUR,630
INV2511,2025-12,C0019,USD,3000
INV2512,2025-12,C0020,USD,960
INV2513,2025-12,C0021,USD,3000
INV2514,2025-12,C0023,USD,9000
INV2515,2025-12,C0027,EUR,1260
INV2516,2025-12,C0028,EUR,2400
INV2517,2025-12,C0029,GBP,1800
INV2518,2025-12,C0030,GBP,540
INV2519,2025-12,C0031,USD,600
INV2520,2025-12,C0034,USD,10200
INV2521,2025-12,C0035,USD,25200
INV2522,2025-12,C0036,EUR,9600
INV2523,2025-12,C0037,CAD,5520
INV2524,2025-12,C0038,GBP,1980
INV2525,2025-12,C0039,EUR,1290
INV2526,2025-12,C0042,USD,150
INV2527,2025-12,C0043,USD,1980
INV2528,2025-12,C0044,CAD,1290
INV2529,2025-12,C0046,EUR,5400
INV2530,2025-12,C0048,EUR,720
INV2531,2025-12,C0049,EUR,5310
INV2532,2025-12,C0050,USD,90
INV2533,2025-12,C0051,USD,2250
INV2534,2025-12,C0052,EUR,720
INV2535,2025-12,C0053,EUR,3600
INV2536,2025-12,C0054,CAD,90
INV2537,2025-12,C0055,EUR,750
INV2538,2025-12,C0056,EUR,15000
INV2539,2025-12,C0058,USD,900
INV2540,2025-12,C0059,EUR,1080
INV2541,2025-12,C0060,USD,4050
INV2542,2025-12,C0063,USD,2640
INV2543,2025-12,C0065,USD,600
INV2544,2025-12,C0066,USD,39000
INV2545,2025-12,C0067,EUR,2400
INV2546,2025-12,C0068,USD,960
INV2547,2025-12,C0070,USD,240
INV2548,2025-12,C0072,CAD,1170
INV2549,2025-12,C0073,GBP,6000
INV2550,2025-12,C0074,EUR,450
INV2551,2025-12,C0076,CAD,1770
INV2552,2025-12,C0082,GBP,5280
INV2553,2025-12,C0083,USD,900
INV2554,2025-12,C0085,CAD,450
INV2555,2025-12,C0086,EUR,120
INV2556,2025-12,C0087,EUR,9000
INV2557,2025-12,C0090,USD,1800
INV2558,2025-12,C0092,USD,690
INV2559,2025-12,C0095,EUR,1740
INV2560,2025-12,C0097,GBP,36000
INV2561,2025-12,C0099,USD,240
INV2562,2025-12,C0100,GBP,300
INV2563,2025-12,C0102,USD,1800
INV2564,2025-12,C0104,CAD,90
INV2565,2025-12,C0105,USD,9000
INV2566,2025-12,C0107,EUR,23760
INV2567,2025-12,C0108,USD,1800
INV2568,2025-12,C0109,USD,210
INV2569,2025-12,C0110,USD,1200
INV2570,2025-12,C0111,USD,690
INV2571,2025-12,C0112,USD,750
INV2572,2025-12,C0115,USD,450
INV2573,2025-12,C0116,EUR,6600
INV2574,2025-12,C0117,EUR,270
INV2575,2025-12,C0118,EUR,2160
INV2576,2025-12,C0119,USD,3600
INV2577,2025-12,C0121,USD,1800
INV2578,2025-12,C0122,CAD,9360
INV2579,2025-12,C0123,USD,420
INV2580,2025-12,C0127,USD,1170
INV2581,2025-12,C0128,EUR,3330
INV2582,2025-12,C0132,EUR,1800
INV2583,2025-12,C0133,USD,450
INV2584,2025-12,C0134,GBP,1080
INV2585,2025-12,C0136,EUR,90
INV2586,2025-12,C0137,GBP,2160
INV2587,2025-12,C0138,USD,720
INV2588,2025-12,C0139,GBP,240
INV2589,2025-12,C0141,USD,660
INV2590,2025-12,C0146,EUR,3000
INV2591,2025-12,C0147,EUR,300
INV2592,2025-12,C0150,USD,2430
INV2593,2026-01,C0003,EUR,4560
INV2594,2026-01,C0004,EUR,4800
INV2595,2026-01,C0007,USD,5400
INV2596,2026-01,C0008,USD,9720
INV2597,2026-01,C0010,USD,120
INV2598,2026-01,C0012,CAD,3000
INV2599,2026-01,C0013,USD,300
INV2600,2026-01,C0014,USD,120
INV2601,2026-01,C0015,GBP,1530
INV2602,2026-01,C0016,EUR,540
INV2603,2026-01,C0019,USD,3000
INV2604,2026-01,C0020,USD,960
INV2605,2026-01,C0021,USD,3000
INV2606,2026-01,C0023,USD,9000
INV2607,2026-01,C0027,EUR,1260
INV2608,2026-01,C0028,EUR,2400
INV2609,2026-01,C0029,GBP,1800
INV2610,2026-01,C0030,GBP,540
INV2611,2026-01,C0031,USD,600
INV2612,2026-01,C0033,GBP,1200
INV2613,2026-01,C0034,USD,10200
INV2614,2026-01,C0035,USD,25200
INV2615,2026-01,C0036,EUR,9600
INV2616,2026-01,C0037,CAD,5520
INV2617,2026-01,C0038,GBP,5760
INV2618,2026-01,C0039,EUR,1290
INV2619,2026-01,C0042,USD,150
INV2620,2026-01,C0043,USD,1980
INV2621,2026-01,C0044,CAD,1290
INV2622,2026-01,C0046,EUR,14880
INV2623,2026-01,C0048,EUR,1440
INV2624,2026-01,C0049,EUR,5310
INV2625,2026-01,C0050,USD,90
INV2626,2026-01,C0051,USD,2250
INV2627,2026-01,C0052,EUR,720
INV2628,2026-01,C0054,CAD,150
INV2629,2026-01,C0055,EUR,750
INV2630,2026-01,C0056,EUR,15000
INV2631,2026-01,C0058,USD,900
INV2632,2026-01,C0059,EUR,1080
INV2633,2026-01,C0060,USD,4050
INV2634,2026-01,C0063,USD,1920
INV2635,2026-01,C0065,USD,600
INV2636,2026-01,C0066,USD,39000
INV2637,2026-01,C0067,EUR,2400
INV2638,2026-01,C0068,USD,960
INV2639,2026-01,C0070,USD,240
INV2640,2026-01,C0072,CAD,1260
INV2641,2026-01,C0073,GBP,6000
INV2642,2026-01,C0074,EUR,450
INV2643,2026-01,C0076,CAD,1770
INV2644,2026-01,C0078,EUR,3000
INV2645,2026-01,C0082,GBP,5280
INV2646,2026-01,C0083,USD,900
INV2647,2026-01,C0085,CAD,450
INV2648,2026-01,C0086,EUR,120
INV2649,2026-01,C0087,EUR,9000
INV2650,2026-01,C0090,USD,1800
INV2651,2026-01,C0092,USD,690
INV2652,2026-01,C0095,EUR,1740
INV2653,2026-01,C0097,GBP,36000
INV2654,2026-01,C0099,USD,240
INV2655,2026-01,C0100,GBP,1350
INV2656,2026-01,C0102,USD,1800
INV2657,2026-01,C0104,CAD,90
INV2658,2026-01,C0105,USD,9000
INV2659,2026-01,C0107,EUR,23760
INV2660,2026-01,C0108,USD,1800
INV2661,2026-01,C0109,USD,300
INV2662,2026-01,C0110,USD,1200
INV2663,2026-01,C0111,USD,690
INV2664,2026-01,C0112,USD,750
INV2665,2026-01,C0116,EUR,6600
INV2666,2026-01,C0117,EUR,540
INV2667,2026-01,C0118,EUR,2160
INV2668,2026-01,C0119,USD,3600
INV2669,2026-01,C0121,USD,1800
INV2670,2026-01,C0122,CAD,9360
INV2671,2026-01,C0123,USD,420
INV2672,2026-01,C0127,USD,1170
INV2673,2026-01,C0128,EUR,3330
INV2674,2026-01,C0130,GBP,3000
INV2675,2026-01,C0132,EUR,1800
INV2676,2026-01,C0133,USD,450
INV2677,2026-01,C0134,GBP,1080
INV2678,2026-01,C0136,EUR,90
INV2679,2026-01,C0137,GBP,2160
INV2680,2026-01,C0138,USD,720
INV2681,2026-01,C0139,GBP,240
INV2682,2026-01,C0141,USD,660
INV2683,2026-01,C0145,EUR,9000
INV2684,2026-01,C0147,EUR,1080
INV2685,2026-01,C0150,USD,2160
INV2686,2026-02,C0003,EUR,4560
INV2687,2026-02,C0004,EUR,4800
INV2688,2026-02,C0007,USD,5400
INV2689,2026-02,C0008,USD,9720
INV2690,2026-02,C0010,USD,120
INV2691,2026-02,C0012,CAD,3000
INV2692,2026-02,C0013,USD,300
INV2693,2026-02,C0014,USD,120
INV2694,2026-02,C0015,GBP,1440
INV2695,2026-02,C0016,EUR,540
INV2696,2026-02,C0019,USD,3000
INV2697,2026-02,C0020,USD,960
INV2698,2026-02,C0021,USD,3000
INV2699,2026-02,C0023,USD,9000
INV2700,2026-02,C0026,EUR,300
INV2701,2026-02,C0027,EUR,1260
INV2702,2026-02,C0028,EUR,2400
INV2703,2026-02,C0029,GBP,1800
INV2704,2026-02,C0030,GBP,540
INV2705,2026-02,C0031,USD,600
INV2706,2026-02,C0033,GBP,1200
INV2707,2026-02,C0034,USD,9600
INV2708,2026-02,C0035,USD,25200
INV2709,2026-02,C0036,EUR,27000
INV2710,2026-02,C0038,GBP,5760
INV2711,2026-02,C0039,EUR,1290
INV2712,2026-02,C0042,USD,150
INV2713,2026-02,C0043,USD,1980
INV2714,2026-02,C0046,EUR,14880
INV2715,2026-02,C0047,EUR,90
INV2716,2026-02,C0048,EUR,1440
INV2717,2026-02,C0049,EUR,5400
INV2718,2026-02,C0050,USD,90
INV2719,2026-02,C0051,USD,1980
INV2720,2026-02,C0052,EUR,720
INV2721,2026-02,C0054,CAD,150
INV2722,2026-02,C0055,EUR,750
INV2723,2026-02,C0056,EUR,15000
INV2724,2026-02,C0058,USD,900
INV2725,2026-02,C0059,EUR,1080
INV2726,2026-02,C0060,USD,4050
INV2727,2026-02,C0062,USD,9600
INV2728,2026-02,C0063,USD,1920
INV2729,2026-02,C0065,USD,600
INV2730,2026-02,C0066,USD,39000
INV2731,2026-02,C0067,EUR,2400
INV2732,2026-02,C0068,USD,960
INV2733,2026-02,C0070,USD,240
INV2734,2026-02,C0071,CAD,900
INV2735,2026-02,C0072,CAD,1260
INV2736,2026-02,C0073,GBP,5760
INV2737,2026-02,C0074,EUR,450
INV2738,2026-02,C0076,CAD,1770
INV2739,2026-02,C0078,EUR,3000
INV2740,2026-02,C0082,GBP,5280
INV2741,2026-02,C0083,USD,900
INV2742,2026-02,C0085,CAD,450
INV2743,2026-02,C0086,EUR,120
INV2744,2026-02,C0087,EUR,9000
INV2745,2026-02,C0090,USD,1800
INV2746,2026-02,C0092,USD,690
INV2747,2026-02,C0095,EUR,1740
INV2748,2026-02,C0097,GBP,36000
INV2749,2026-02,C0099,USD,240
INV2750,2026-02,C0100,GBP,1350
INV2751,2026-02,C0102,USD,1800
INV2752,2026-02,C0104,CAD,90
INV2753,2026-02,C0105,USD,9000
INV2754,2026-02,C0106,USD,720
INV2755,2026-02,C0107,EUR,23760
INV2756,2026-02,C0108,USD,1800
INV2757,2026-02,C0109,USD,300
INV2758,2026-02,C0111,USD,690
INV2759,2026-02,C0112,USD,750
INV2760,2026-02,C0116,EUR,4800
INV2761,2026-02,C0117,EUR,540
INV2762,2026-02,C0118,EUR,2160
INV2763,2026-02,C0119,USD,3600
INV2764,2026-02,C0121,USD,1800
INV2765,2026-02,C0122,CAD,9360
INV2766,2026-02,C0123,USD,420
INV2767,2026-02,C0125,EUR,3000
INV2768,2026-02,C0127,USD,1170
INV2769,2026-02,C0128,EUR,3330
INV2770,2026-02,C0130,GBP,3000
INV2771,2026-02,C0132,EUR,1800
INV2772,2026-02,C0133,USD,450
INV2773,2026-02,C0134,GBP,1080
INV2774,2026-02,C0136,EUR,90
INV2775,2026-02,C0137,GBP,2160
INV2776,2026-02,C0138,USD,720
INV2777,2026-02,C0139,GBP,240
INV2778,2026-02,C0141,USD,720
INV2779,2026-02,C0145,EUR,9000
INV2780,2026-02,C0147,EUR,1080
INV2781,2026-02,C0148,USD,3000
INV2782,2026-02,C0150,USD,2160
INV2783,2026-03,C0003,EUR,4560
INV2784,2026-03,C0004,EUR,4800
INV2785,2026-03,C0007,USD,5400
INV2786,2026-03,C0008,USD,9720
INV2787,2026-03,C0010,USD,120
INV2788,2026-03,C0012,CAD,3000
INV2789,2026-03,C0013,USD,300
INV2790,2026-03,C0014,USD,120
INV2791,2026-03,C0015,GBP,1440
INV2792,2026-03,C0016,EUR,540
INV2793,2026-03,C0019,USD,3000
INV2794,2026-03,C0020,USD,960
INV2795,2026-03,C0021,USD,3000
INV2796,2026-03,C0023,USD,9000
INV2797,2026-03,C0026,EUR,300
INV2798,2026-03,C0027,EUR,1260
INV2799,2026-03,C0028,EUR,6600
INV2800,2026-03,C0029,GBP,1800
INV2801,2026-03,C0030,GBP,540
INV2802,2026-03,C0031,USD,1890
INV2803,2026-03,C0033,GBP,1200
INV2804,2026-03,C0034,USD,9600
INV2805,2026-03,C0035,USD,24000
INV2806,2026-03,C0036,EUR,27000
INV2807,2026-03,C0038,GBP,5520
INV2808,2026-03,C0039,EUR,1290
INV2809,2026-03,C0041,USD,1200
INV2810,2026-03,C0042,USD,120
INV2811,2026-03,C0043,USD,1980
INV2812,2026-03,C0046,EUR,14880
INV2813,2026-03,C0047,EUR,90
INV2814,2026-03,C0048,EUR,1440
INV2815,2026-03,C0049,EUR,5400
INV2816,2026-03,C0050,USD,90
INV2817,2026-03,C0051,USD,1980
INV2818,2026-03,C0052,EUR,720
INV2819,2026-03,C0054,CAD,150
INV2820,2026-03,C0055,EUR,750
INV2821,2026-03,C0056,EUR,15000
INV2822,2026-03,C0058,USD,900
INV2823,2026-03,C0059,EUR,1260
INV2824,2026-03,C0060,USD,4050
INV2825,2026-03,C0062,USD,9600
INV2826,2026-03,C0063,USD,1200
INV2827,2026-03,C0064,USD,9600
INV2828,2026-03,C0065,USD,600
INV2829,2026-03,C0066,USD,39000
INV2830,2026-03,C0067,EUR,2400
INV2831,2026-03,C0068,USD,960
INV2832,2026-03,C0070,USD,240
INV2833,2026-03,C0071,CAD,900
INV2834,2026-03,C0072,CAD,1260
INV2835,2026-03,C0073,GBP,5760
INV2836,2026-03,C0074,EUR,450
INV2837,2026-03,C0076,CAD,1770
INV2838,2026-03,C0078,EUR,3000
INV2839,2026-03,C0082,GBP,5280
INV2840,2026-03,C0083,USD,900
INV2841,2026-03,C0084,GBP,4800
INV2842,2026-03,C0085,CAD,450
INV2843,2026-03,C0086,EUR,120
INV2844,2026-03,C0087,EUR,25200
INV2845,2026-03,C0088,EUR,1200
INV2846,2026-03,C0090,USD,1800
INV2847,2026-03,C0092,USD,750
INV2848,2026-03,C0093,EUR,60000
INV2849,2026-03,C0094,GBP,330
INV2850,2026-03,C0095,EUR,1740
INV2851,2026-03,C0097,GBP,36000
INV2852,2026-03,C0099,USD,1170
INV2853,2026-03,C0100,GBP,1350
INV2854,2026-03,C0102,USD,1710
INV2855,2026-03,C0104,CAD,90
INV2856,2026-03,C0105,USD,9000
INV2857,2026-03,C0106,USD,720
INV2858,2026-03,C0108,USD,1800
INV2859,2026-03,C0109,USD,300
INV2860,2026-03,C0111,USD,690
INV2861,2026-03,C0112,USD,750
INV2862,2026-03,C0116,EUR,4800
INV2863,2026-03,C0117,EUR,2160
INV2864,2026-03,C0118,EUR,1680
INV2865,2026-03,C0119,USD,3600
INV2866,2026-03,C0120,USD,270
INV2867,2026-03,C0121,USD,1800
INV2868,2026-03,C0122,CAD,9360
INV2869,2026-03,C0123,USD,420
INV2870,2026-03,C0125,EUR,3000
INV2871,2026-03,C0126,GBP,5400
INV2872,2026-03,C0127,USD,1170
INV2873,2026-03,C0128,EUR,3330
INV2874,2026-03,C0130,GBP,3000
INV2875,2026-03,C0132,EUR,1800
INV2876,2026-03,C0133,USD,450
INV2877,2026-03,C0134,GBP,1080
INV2878,2026-03,C0136,EUR,90
INV2879,2026-03,C0138,USD,720
INV2880,2026-03,C0139,GBP,240
INV2881,2026-03,C0140,CAD,270
INV2882,2026-03,C0141,USD,870
INV2883,2026-03,C0142,USD,9000
INV2884,2026-03,C0144,USD,3000
INV2885,2026-03,C0145,EUR,9270
INV2886,2026-03,C0147,EUR,4080
INV2887,2026-03,C0148,USD,3000
INV2888,2026-03,C0150,USD,2160
INV2889,2026-04,C0003,EUR,14400
INV2890,2026-04,C0007,USD,5400
INV2891,2026-04,C0008,USD,9720
INV2892,2026-04,C0010,USD,120
INV2893,2026-04,C0012,CAD,3000
INV2894,2026-04,C0013,USD,300
INV2895,2026-04,C0014,USD,120
INV2896,2026-04,C0015,GBP,1440
INV2897,2026-04,C0016,EUR,540
INV2898,2026-04,C0019,USD,1800
INV2899,2026-04,C0020,USD,960
INV2900,2026-04,C0021,USD,3000
INV2901,2026-04,C0023,USD,9000
INV2902,2026-04,C0026,EUR,300
INV2903,2026-04,C0027,EUR,1260
INV2904,2026-04,C0028,EUR,8400
INV2905,2026-04,C0029,GBP,1800
INV2906,2026-04,C0030,GBP,540
INV2907,2026-04,C0031,USD,1890
INV2908,2026-04,C0033,GBP,1200
INV2909,2026-04,C0034,USD,9600
INV2910,2026-04,C0035,USD,24000
INV2911,2026-04,C0036,EUR,27000
INV2912,2026-04,C0038,GBP,5520
INV2913,2026-04,C0039,EUR,1290
INV2914,2026-04,C0041,USD,1200
INV2915,2026-04,C0042,USD,120
INV2916,2026-04,C0043,USD,1980
INV2917,2026-04,C0046,EUR,14400
INV2918,2026-04,C0047,EUR,90
INV2919,2026-04,C0048,EUR,1440
INV2920,2026-04,C0050,USD,90
INV2921,2026-04,C0051,USD,1980
INV2922,2026-04,C0052,EUR,720
INV2923,2026-04,C0054,CAD,150
INV2924,2026-04,C0055,EUR,750
INV2925,2026-04,C0056,EUR,16800
INV2926,2026-04,C0058,USD,900
INV2927,2026-04,C0059,EUR,1260
INV2928,2026-04,C0060,USD,4050
INV2929,2026-04,C0062,USD,9600
INV2930,2026-04,C0063,USD,1200
INV2931,2026-04,C0064,USD,9600
INV2932,2026-04,C0065,USD,600
INV2933,2026-04,C0067,EUR,2400
INV2934,2026-04,C0068,USD,960
INV2935,2026-04,C0070,USD,240
INV2936,2026-04,C0071,CAD,900
INV2937,2026-04,C0072,CAD,1260
INV2938,2026-04,C0073,GBP,5760
INV2939,2026-04,C0074,EUR,270
INV2940,2026-04,C0076,CAD,1770
INV2941,2026-04,C0078,EUR,3000
INV2942,2026-04,C0082,GBP,5280
INV2943,2026-04,C0083,USD,900
INV2944,2026-04,C0084,GBP,4800
INV2945,2026-04,C0085,CAD,450
INV2946,2026-04,C0086,EUR,120
INV2947,2026-04,C0087,EUR,25200
INV2948,2026-04,C0088,EUR,1200
INV2949,2026-04,C0090,USD,1800
INV2950,2026-04,C0092,USD,750
INV2951,2026-04,C0093,EUR,60000
INV2952,2026-04,C0094,GBP,330
INV2953,2026-04,C0095,EUR,1740
INV2954,2026-04,C0097,GBP,36000
INV2955,2026-04,C0099,USD,1170
INV2956,2026-04,C0100,GBP,1350
INV2957,2026-04,C0102,USD,1710
INV2958,2026-04,C0104,CAD,90
INV2959,2026-04,C0105,USD,9000
INV2960,2026-04,C0106,USD,720
INV2961,2026-04,C0108,USD,1800
INV2962,2026-04,C0109,USD,300
INV2963,2026-04,C0111,USD,630
INV2964,2026-04,C0112,USD,750
INV2965,2026-04,C0116,EUR,4800
INV2966,2026-04,C0117,EUR,2160
INV2967,2026-04,C0118,EUR,1680
INV2968,2026-04,C0119,USD,3510
INV2969,2026-04,C0120,USD,270
INV2970,2026-04,C0121,USD,1800
INV2971,2026-04,C0122,CAD,9360
INV2972,2026-04,C0125,EUR,3000
INV2973,2026-04,C0126,GBP,5400
INV2974,2026-04,C0127,USD,900
INV2975,2026-04,C0128,EUR,3600
INV2976,2026-04,C0130,GBP,3000
INV2977,2026-04,C0132,EUR,1800
INV2978,2026-04,C0133,USD,450
INV2979,2026-04,C0134,GBP,1080
INV2980,2026-04,C0136,EUR,90
INV2981,2026-04,C0138,USD,720
INV2982,2026-04,C0139,GBP,240
INV2983,2026-04,C0140,CAD,270
INV2984,2026-04,C0141,USD,870
INV2985,2026-04,C0142,USD,9000
INV2986,2026-04,C0144,USD,3000
INV2987,2026-04,C0145,EUR,9270
INV2988,2026-04,C0147,EUR,4080
INV2989,2026-04,C0148,USD,3000
INV2990,2026-04,C0150,USD,2160
INV2991,2026-05,C0003,EUR,14400
INV2992,2026-05,C0007,USD,5400
INV2993,2026-05,C0008,USD,9720
INV2994,2026-05,C0010,USD,120
INV2995,2026-05,C0012,CAD,3000
INV2996,2026-05,C0013,USD,300
INV2997,2026-05,C0014,USD,810
INV2998,2026-05,C0015,GBP,1440
INV2999,2026-05,C0016,EUR,540
INV3000,2026-05,C0019,USD,1800
INV3001,2026-05,C0020,USD,960
INV3002,2026-05,C0021,USD,3000
INV3003,2026-05,C0023,USD,9000
INV3004,2026-05,C0026,EUR,300
INV3005,2026-05,C0027,EUR,1260
INV3006,2026-05,C0028,EUR,8400
INV3007,2026-05,C0029,GBP,1800
INV3008,2026-05,C0030,GBP,540
INV3009,2026-05,C0031,USD,1890
INV3010,2026-05,C0033,GBP,960
INV3011,2026-05,C0034,USD,9600
INV3012,2026-05,C0035,USD,24000
INV3013,2026-05,C0036,EUR,27000
INV3014,2026-05,C0038,GBP,5280
INV3015,2026-05,C0039,EUR,1290
INV3016,2026-05,C0041,USD,1200
INV3017,2026-05,C0042,USD,120
INV3018,2026-05,C0043,USD,1980
INV3019,2026-05,C0046,EUR,14400
INV3020,2026-05,C0047,EUR,90
INV3021,2026-05,C0048,EUR,1440
INV3022,2026-05,C0050,USD,90
INV3023,2026-05,C0051,USD,1980
INV3024,2026-05,C0052,EUR,720
INV3025,2026-05,C0054,CAD,150
INV3026,2026-05,C0055,EUR,750
INV3027,2026-05,C0056,EUR,16800
INV3028,2026-05,C0058,USD,900
INV3029,2026-05,C0059,EUR,1260
INV3030,2026-05,C0060,USD,4050
INV3031,2026-05,C0062,USD,9360
INV3032,2026-05,C0064,USD,9600
INV3033,2026-05,C0065,USD,600
INV3034,2026-05,C0067,EUR,2400
INV3035,2026-05,C0068,USD,960
INV3036,2026-05,C0070,USD,240
INV3037,2026-05,C0071,CAD,900
INV3038,2026-05,C0072,CAD,1260
INV3039,2026-05,C0073,GBP,5760
INV3040,2026-05,C0074,EUR,270
INV3041,2026-05,C0076,CAD,1770
INV3042,2026-05,C0078,EUR,3000
INV3043,2026-05,C0082,GBP,5280
INV3044,2026-05,C0083,USD,900
INV3045,2026-05,C0084,GBP,4800
INV3046,2026-05,C0085,CAD,450
INV3047,2026-05,C0086,EUR,120
INV3048,2026-05,C0087,EUR,25680
INV3049,2026-05,C0088,EUR,1200
INV3050,2026-05,C0090,USD,1800
INV3051,2026-05,C0093,EUR,60000
INV3052,2026-05,C0094,GBP,360
INV3053,2026-05,C0095,EUR,1740
INV3054,2026-05,C0099,USD,1170
INV3055,2026-05,C0100,GBP,1350
INV3056,2026-05,C0102,USD,5760
INV3057,2026-05,C0104,CAD,90
INV3058,2026-05,C0106,USD,720
INV3059,2026-05,C0108,USD,1890
INV3060,2026-05,C0109,USD,240
INV3061,2026-05,C0111,USD,630
INV3062,2026-05,C0112,USD,720
INV3063,2026-05,C0117,EUR,2160
INV3064,2026-05,C0118,EUR,1680
INV3065,2026-05,C0119,USD,3510
INV3066,2026-05,C0120,USD,270
INV3067,2026-05,C0121,USD,1800
INV3068,2026-05,C0122,CAD,9360
INV3069,2026-05,C0125,EUR,3150
INV3070,2026-05,C0126,GBP,5400
INV3071,2026-05,C0127,USD,900
INV3072,2026-05,C0128,EUR,3600
INV3073,2026-05,C0130,GBP,3000
INV3074,2026-05,C0132,EUR,1800
INV3075,2026-05,C0133,USD,450
INV3076,2026-05,C0134,GBP,1170
INV3077,2026-05,C0136,EUR,90
INV3078,2026-05,C0138,USD,720
INV3079,2026-05,C0139,GBP,240
INV3080,2026-05,C0140,CAD,270
INV3081,2026-05,C0141,USD,870
INV3082,2026-05,C0142,USD,9000
INV3083,2026-05,C0144,USD,3000
INV3084,2026-05,C0145,EUR,9270
INV3085,2026-05,C0147,EUR,4080
INV3086,2026-05,C0148,USD,3000
INV3087,2026-05,C0150,USD,2160
INV3088,2026-06,C0003,EUR,14400
INV3089,2026-06,C0007,USD,5400
INV3090,2026-06,C0008,USD,27120
INV3091,2026-06,C0010,USD,90
INV3092,2026-06,C0012,CAD,3000
INV3093,2026-06,C0014,USD,810
INV3094,2026-06,C0015,GBP,1440
INV3095,2026-06,C0016,EUR,540
INV3096,2026-06,C0019,USD,3000
INV3097,2026-06,C0020,USD,960
INV3098,2026-06,C0021,USD,3000
INV3099,2026-06,C0023,USD,9000
INV3100,2026-06,C0026,EUR,300
INV3101,2026-06,C0027,EUR,1260
INV3102,2026-06,C0028,EUR,8400
INV3103,2026-06,C0029,GBP,1800
INV3104,2026-06,C0030,GBP,540
INV3105,2026-06,C0031,USD,1890
INV3106,2026-06,C0033,GBP,960
INV3107,2026-06,C0034,USD,9600
INV3108,2026-06,C0035,USD,24000
INV3109,2026-06,C0036,EUR,27000
INV3110,2026-06,C0038,GBP,5280
INV3111,2026-06,C0039,EUR,1290
INV3112,2026-06,C0041,USD,1200
INV3113,2026-06,C0042,USD,120
INV3114,2026-06,C0043,USD,1980
INV3115,2026-06,C0047,EUR,90
INV3116,2026-06,C0048,EUR,1440
INV3117,2026-06,C0050,USD,90
INV3118,2026-06,C0051,USD,1980
INV3119,2026-06,C0052,EUR,720
INV3120,2026-06,C0054,CAD,150
INV3121,2026-06,C0055,EUR,810
INV3122,2026-06,C0056,EUR,16800
INV3123,2026-06,C0058,USD,900
INV3124,2026-06,C0059,EUR,1260
INV3125,2026-06,C0060,USD,4050
INV3126,2026-06,C0062,USD,9360
INV3127,2026-06,C0064,USD,25200
INV3128,2026-06,C0065,USD,600
INV3129,2026-06,C0067,EUR,3600
INV3130,2026-06,C0068,USD,960
INV3131,2026-06,C0070,USD,240
INV3132,2026-06,C0071,CAD,900
INV3133,2026-06,C0072,CAD,1260
INV3134,2026-06,C0073,GBP,5760
INV3135,2026-06,C0074,EUR,270
INV3136,2026-06,C0078,EUR,2970
INV3137,2026-06,C0082,GBP,5520
INV3138,2026-06,C0083,USD,900
INV3139,2026-06,C0084,GBP,4800
INV3140,2026-06,C0085,CAD,450
INV3141,2026-06,C0086,EUR,120
INV3142,2026-06,C0087,EUR,25680
INV3143,2026-06,C0088,EUR,1200
INV3144,2026-06,C0090,USD,1800
INV3145,2026-06,C0093,EUR,60000
INV3146,2026-06,C0095,EUR,1830
INV3147,2026-06,C0100,GBP,1350
INV3148,2026-06,C0102,USD,5760
INV3149,2026-06,C0104,CAD,150
INV3150,2026-06,C0108,USD,1890
INV3151,2026-06,C0109,USD,240
INV3152,2026-06,C0111,USD,630
INV3153,2026-06,C0112,USD,720
INV3154,2026-06,C0117,EUR,2160
INV3155,2026-06,C0118,EUR,1680
INV3156,2026-06,C0119,USD,3510
INV3157,2026-06,C0120,USD,270
INV3158,2026-06,C0121,USD,1800
INV3159,2026-06,C0122,CAD,9360
INV3160,2026-06,C0125,EUR,3150
INV3161,2026-06,C0126,GBP,5850
INV3162,2026-06,C0127,USD,900
INV3163,2026-06,C0130,GBP,3060
INV3164,2026-06,C0133,USD,270
INV3165,2026-06,C0134,GBP,900
INV3166,2026-06,C0136,EUR,90
INV3167,2026-06,C0138,USD,720
INV3168,2026-06,C0139,GBP,240
INV3169,2026-06,C0141,USD,870
INV3170,2026-06,C0142,USD,24240
INV3171,2026-06,C0144,USD,3000
INV3172,2026-06,C0145,EUR,9180
INV3173,2026-06,C0147,EUR,4080
INV3174,2026-06,C0148,USD,3000
INV3175,2026-06,C0150,USD,2160
